inference_time,cpu_usage,ram_usage,disk_usage
0.1262346969997452,0.0,2749.4375,-1.0
0.11147761100073694,,,
0.14153287599947362,,,
0.1222116389999428,,,
0.1366560019996541,,,
