inference_time,cpu_usage,ram_usage,disk_usage
6041.6364839710295,0.0,2479.765625,-1.0
,2.2,2492.796875,100.0
,1.0,2451.6875,95.57519266323636
,2.3,2455.0625,97.47330604989205
,2.2,2509.9375,99.92153005666505
,0.7,2434.890625,99.97508746514336
,3.2,2488.9375,99.98635294071308
,4.8,2493.90625,88.35248203451567
,2.4,2516.796875,87.39675953800072
,3.0,2571.6875,100.0
,1.5,2568.625,100.0
,1.3,2571.3125,100.0
,4.2,2620.765625,91.08137742552256
,1.3,2566.109375,90.17910360303443
,2.6,2619.0625,100.0
,1.0,2581.3125,99.68649605273482
,4.9,2692.609375,83.08616288597892
,1.2,2596.390625,87.70918187199113
,2.8,2654.390625,100.0
,2.3,2712.703125,99.85688300254475
,5.3,2755.71875,91.33625779550212
,4.3,2807.5625,99.71357594668582
,2.5,2861.328125,100.0
,4.3,2905.703125,87.87132561124523
,1.7,2952.6875,69.39507475155425
,0.9,2938.140625,100.0
,2.0,2892.796875,99.44165675193474
,0.5,2870.78125,93.8097728196919
,1.7,2929.109375,95.65039012920535
,0.0,2929.78125,94.56436381221532
,4.1,2875.546875,98.37826262203004
,2.5,2871.265625,99.81897647781189
,1.9,2880.421875,99.99895973974749
,1.0,2880.390625,75.81490363745814
,3.3,2927.328125,94.16511059832648
,4.4,2979.34375,99.71819519787563
,2.3,3035.125,99.84393204615665
,4.0,3086.84375,91.2421761154702
,3.7,3139.984375,99.50474367573524
,3.8,3191.890625,99.83043261657953
,4.3,3239.9375,87.93282460444347
,3.0,3291.171875,99.52422015239584
,3.7,3346.421875,99.94515590554238
,2.7,3404.671875,99.97414805558924
,6.2,3452.140625,89.87019759159033
,4.0,3501.34375,100.0
,3.5,3565.390625,93.0395465238789
,0.9,3490.328125,89.81475209550086
,3.0,3440.453125,94.04037969154973
,3.4,3498.203125,99.6896762142175
,1.0,3471.703125,97.4184950205547
,2.7,3492.859375,100.0
,0.7,3551.640625,77.42778760729027
,0.0,3477.5625,100.0
,4.3,3467.9375,89.10739428046772
,1.4,3487.28125,100.0
,1.5,3563.265625,84.67725109958025
,0.3,3475.890625,94.08379089719796
,2.3,3467.3125,99.95227076646971
,4.2,3513.96875,91.99942969510852
,4.5,3564.421875,100.0
,3.5,3618.4375,100.0
,3.5,3669.796875,91.86695653326214
,4.0,3724.15625,100.0
,4.0,3758.96875,99.90690942909892
,1.0,3818.328125,77.0855353713446
,2.0,3737.0625,94.79373586352673
,2.6,3830.15625,92.8600474993298
,1.1,3805.328125,95.86719581941715
,1.4,3778.125,100.0
,4.7,3829.265625,79.42040243800874
,1.3,3808.859375,97.45743978519708
,2.2,3743.296875,99.63571944586319
,2.8,3817.75,79.11355703270398
,0.3,3734.890625,95.09932197637805
,1.5,3790.671875,99.36051681477353
,0.2,3706.953125,100.0
,6.5,3756.484375,87.25591860718218
,1.5,3733.65625,99.91997207750829
,1.2,3750.453125,99.92285636181174
,2.3,3769.234375,99.80238691456519
,0.3,3745.875,79.78306664816714
,2.1,3797.328125,96.3228443682942
,6.7,3849.9375,95.01181683537766
,3.7,3881.734375,100.0
,0.7,3838.953125,99.9311178336449
,2.0,3857.078125,99.92792244892095
,4.0,3899.609375,60.45472534543166
,0.6,3846.171875,93.41240628794942
,2.0,3877.203125,100.0
,2.3,3869.046875,99.8342126990302
,2.3,3872.265625,99.8961159239156
,1.0,3889.5625,53.82054111291672
,2.0,3833.4375,95.2417943191066
,3.8,3896.140625,94.11042401036138
,1.2,3829.375,97.13779612180566
,1.7,3870.78125,100.0
,1.5,3824.890625,97.61919596483773
,3.8,3877.484375,92.23195460351526
,1.7,3847.484375,99.92261679609649
,3.0,3890.5625,89.75417687506128
,1.4,3833.984375,99.99332188615335
,0.8,3897.828125,91.61843300243449
,0.3,3845.296875,91.27460060170529
,4.7,3836.5,92.02573374713617
,1.9,3855.484375,99.54258802031103
,2.5,3898.71875,71.50554835403547
,1.5,3882.515625,93.2232778354391
,1.2,3817.265625,99.97055491999738
,2.8,3876.828125,99.85178142113082
,1.2,3843.515625,79.7866274393223
,3.2,3875.75,100.0
,2.3,3860.015625,98.5281059803501
,3.7,3873.078125,99.89376348768538
,0.7,3884.90625,64.63779977039945
,2.1,3872.5,94.25902495189798
,0.7,3845.75,99.3209905519208
,2.5,3843.96875,99.9193013357256
,3.3,3861.15625,99.79120178187318
,1.3,3888.6875,67.0885722495464
,0.3,3872.515625,100.0
,5.5,3842.6875,89.60891766528121
,3.5,3901.875,76.28181192979055
,0.8,3838.1875,86.70109295467844
,2.1,3872.515625,99.90158652884308
,1.1,3843.59375,100.0
,5.7,3895.65625,68.48096302027741
,0.2,3839.1875,89.87263722567653
,2.0,3866.625,99.92293602987688
,1.6,3814.9375,99.64496276065964
,2.8,3867.296875,99.67071003356227
,2.0,3897.46875,95.00226522549428
,2.3,3869.921875,87.46605946174009
,1.5,3810.171875,100.0
,2.1,3839.0,99.75573656605242
,3.0,3858.78125,99.74661179977866
,1.2,3882.015625,71.24566291107375
,0.7,3836.3125,99.6945487240008
,0.4,3836.921875,99.87160437812615
,5.8,3849.703125,88.63191565215858
,2.0,3888.265625,76.001007654149
,1.2,3874.203125,99.58783660961473
,0.9,3815.890625,99.96932884304768
,1.8,3860.390625,99.91992698718859
,6.2,3873.015625,87.00585616618203
,0.5,3840.6875,76.59013017520701
,2.1,3864.921875,99.55037127569385
,0.2,3807.53125,100.0
,3.2,3853.453125,99.8013815163896
,4.2,3867.515625,87.73891321556117
,0.3,3844.5,80.73907993588485
,2.6,3869.171875,96.11219849777952
,2.0,3855.25,99.96695994896923
,1.0,3831.3125,90.34344848344088
,2.4,3864.875,95.39926764206183
,0.5,3806.6875,100.0
,5.0,3859.515625,99.85744839639146
,2.7,3860.296875,99.8840606654019
,1.7,3888.40625,62.090021843307575
,0.7,3813.484375,99.32274752997937
,4.5,3866.25,87.45140188249209
,0.7,3809.03125,98.95080582100559
,2.3,3841.375,99.75156775154456
,2.7,3866.28125,100.0
,0.0,3827.765625,99.41594845617422
,2.5,3871.875,100.0
,1.2,3811.75,99.30607291895835
,4.0,3848.625,100.0
,3.3,3866.375,99.53570375046762
,1.2,3839.34375,89.17170640433761
,1.8,3866.421875,99.97098562463745
,2.2,3850.6875,99.52713147471248
,2.0,3834.390625,93.42454550387156
,2.2,3825.265625,100.0
,1.7,3846.90625,100.0
,2.2,3890.28125,71.12707149205384
,0.5,3836.25,99.95916695332923
,0.7,3869.390625,99.84113754126378
,3.9,3840.125,91.9500074832455
,2.5,3879.90625,99.32711523182873
,0.3,3833.171875,99.52387419985634
,2.3,3847.578125,99.52438702553646
,2.2,3856.640625,94.36890978080909
,4.8,3897.71875,92.8842242992801
,0.3,3835.015625,86.79705186177713
,1.5,3862.703125,99.97397673217614
,0.7,3805.375,99.874418860747
,4.5,3856.953125,87.39411249267474
,4.5,3903.84375,98.66450127427194
,0.3,3844.40625,84.86366184149867
,1.5,3866.890625,100.0
,2.7,3858.59375,99.54674892555934
,5.0,3858.546875,86.85968331314453
,1.2,3885.421875,67.22559738700113
,0.8,3854.40625,99.62886353102243
,1.2,3818.765625,99.85583620831967
,2.2,3829.578125,99.66664805125482
,5.0,3839.0625,99.85985682781528
,1.3,3843.78125,75.52765383792976
,2.7,3877.75,93.08490241934112
,1.3,3867.5625,99.81785465840258
,2.8,3909.734375,96.32681743643742
,1.6,3877.203125,87.6363434474848
,0.2,3818.328125,98.81308580046617
,1.9,3845.3125,99.84446263092242
,5.5,3850.140625,88.25908008217314
,1.4,3885.484375,75.75473434087463
,0.7,3842.796875,100.0
,1.9,3829.359375,99.38989436248477
,0.2,3830.25,99.71044347069683
,1.6,3847.8125,100.0
,4.8,3904.0,67.54558506677652
,0.3,3881.34375,64.20508372581824
,0.8,3849.828125,99.92329308478212
,1.2,3804.171875,100.0
,3.2,3860.640625,100.0
,4.7,3872.40625,90.15423451577779
,0.7,3838.703125,100.0
,0.8,3845.921875,98.72391210856229
,2.7,3871.5625,99.97395431460355
,1.5,3815.984375,99.85962576042232
,2.0,3870.6875,100.0
,3.5,3912.125,90.2193890452494
,0.3,3851.921875,85.30839171738424
,3.3,3875.0,99.03779122786514
,1.5,3833.875,99.83224832507398
,14.1,3857.5,61.348730106048045
,1.3,3888.015625,78.3712085850265
,7.4,3874.3125,93.99195073413048
,2.9,3851.875,95.7303574656287
,4.5,3861.328125,95.06655166373108
,7.4,3840.78125,62.02268394086231
,3.2,3872.328125,89.37776004207511
,1.0,3852.953125,100.0
,3.2,3851.640625,92.61314817617163
,1.2,3848.921875,87.61941631393508
,2.6,3877.515625,92.7710176576078
,3.5,3832.234375,91.699155241312
,9.7,3837.984375,63.24036057672817
,9.3,3875.15625,75.93229989008843
,2.3,3903.265625,91.92700563474122
,0.3,3879.96875,93.64408980101942
,0.3,3819.859375,99.9860737319215
,4.1,3831.46875,90.57424168585257
,4.0,3882.984375,99.12324827290185
,2.7,3893.890625,82.82583373223285
,0.4,3848.1875,100.0
,2.0,3840.421875,99.92176584965267
,0.2,3843.15625,99.8973044634174
,1.0,3854.25,100.0
,7.5,3846.53125,71.83850443529582
,1.3,3847.046875,99.71824541867888
,3.5,3856.4375,99.47815311392065
,17.4,3875.578125,40.29945294375512
,4.7,3888.078125,55.81855442250727
,1.0,3849.359375,97.44129159548031
,3.7,3834.078125,95.44268762071253
,2.2,3906.21875,97.67471223627986
,1.9,3872.0625,79.59858064874787
,1.0,3878.484375,99.48731509909483
,1.6,3843.109375,99.91495411327337
,1.8,3884.921875,80.14291578782345
,2.0,3852.453125,99.90268820239872
,6.4,3882.1875,87.1256162726151
,1.8,3854.265625,100.0
,5.7,3892.46875,75.85446591006722
,2.6,3882.203125,94.59040175446509
,7.8,3867.359375,73.59586583062247
,6.5,3875.53125,83.93422115872659
,1.8,3852.4375,70.66019540107456
,3.6,3876.28125,92.78179074441178
,2.4,3865.21875,95.7722128961081
,0.4,3847.9375,79.04018755260093
,5.6,3882.390625,83.86775145929167
,1.2,3834.765625,98.10818360159872
,4.0,3886.953125,99.02232394492727
,3.5,3902.28125,92.70379476587085
,0.5,3844.5,85.3995348744575
,1.1,3889.5625,99.61468325850818
,0.7,3818.046875,99.16065076717348
,2.5,3859.84375,92.56337614667176
,1.7,3897.40625,97.528265155372
,2.3,3870.15625,97.1086020612311
,1.1,3869.578125,99.96878144925454
,5.5,3849.890625,89.52813791589892
,1.3,3869.125,100.0
,1.0,3898.34375,73.9416264891246
,0.7,3833.890625,99.61075562509232
,4.1,3880.046875,100.0
,1.0,3853.5,70.08648240463636
,2.2,3887.609375,100.0
,0.6,3877.0,95.90692236195751
,1.6,3818.765625,100.0
,2.7,3871.5625,99.6509928672259
,2.7,3891.984375,75.08263374419954
,0.4,3845.59375,99.72166187639037
,2.6,3793.4375,97.49598915533403
,3.9,3848.6875,99.76354636157824
,1.2,3878.921875,97.67814918802603
,1.3,3829.4375,100.0
,2.4,3869.0,90.0811852577712
,2.5,3853.28125,99.91997428586062
,2.8,3904.734375,75.93806612133447
,0.2,3848.53125,84.96478098866942
,3.3,3878.5,91.33695835419422
,3.8,3878.171875,94.89300217624479
,0.7,3844.65625,89.54114660455868
,4.8,3892.515625,90.78067730059432
,0.2,3842.890625,99.82977487705901
,5.3,3902.6875,94.93904777262898
,0.8,3861.703125,90.30806216024368
,2.5,3897.625,75.02337426050875
,2.1,3878.25,91.7964540951792
,1.0,3833.6875,90.01627007407778
,3.0,3883.609375,99.58999848355144
,0.5,3857.921875,79.97126732667478
,0.7,3867.765625,100.0
,1.7,3874.859375,99.89732302839965
,2.0,3850.265625,100.0
,0.6,3889.515625,91.99713180804329
,3.5,3918.6875,93.26830344762695
,0.6,3862.765625,77.91299295699109
,0.9,3804.75,99.5800470012914
,1.6,3852.0,99.93961459932412
,1.8,3839.0,99.9413187221442
,0.4,3860.078125,99.9367914575786
,1.7,3879.703125,100.0
,3.7,3850.609375,65.70347542705693
,1.1,3872.0625,100.0
,2.0,3843.546875,97.12639529330978
,10.1,3823.453125,77.35349624581293
,10.0,3857.046875,73.2477820241003
,1.5,3890.453125,69.5501333258937
,1.8,3863.96875,99.98586808247791
,1.5,3876.328125,100.0
,1.1,3822.140625,99.95417694597332
,4.0,3876.75,97.27240975745173
,3.0,3890.78125,58.75176211055485
,0.4,3805.65625,100.0
,4.2,3855.8125,93.87085288975796
,2.0,3877.4375,81.24688252653861
,2.5,3868.03125,93.81466186801126
,1.5,3852.09375,100.0
,3.0,3841.0,99.92359272088592
,2.0,3889.15625,85.61155443715866
,1.7,3894.9375,94.7232936462599
,0.5,3847.15625,99.20523190339146
,3.3,3843.71875,95.93957869644689
,1.5,3889.046875,86.90164717522862
,1.4,3822.046875,99.71523225573752
,2.5,3873.140625,99.93320664268009
,0.5,3868.21875,92.89779306703467
,1.0,3815.90625,99.58239134448208
,4.0,3863.546875,91.37590122518888
,1.0,3878.328125,83.29273898825879
,1.9,3834.046875,99.57365627097441
,5.4,3893.015625,95.2833466263791
,1.2,3829.21875,97.84733968966218
,9.9,3867.34375,66.74684233747409
,0.5,3882.03125,97.67839553884623
,0.2,3831.84375,100.0
,5.7,3875.90625,85.64143900129831
,1.5,3872.703125,95.52542923509715
,2.6,3846.859375,99.37590836658752
,6.3,3907.34375,71.40996365455452
,1.4,3841.9375,87.06199902610439
,3.0,3908.078125,92.09671354225921
,0.0,3876.4375,100.0
,1.7,3824.9375,99.9036091966463
,2.3,3877.90625,99.88890831095605
,4.5,3881.421875,77.82276899017539
,1.8,3862.15625,99.90109390950094
,1.0,3893.53125,91.44962864582094
,2.0,3874.59375,100.0
,1.5,3881.796875,79.51702462119647
,0.6,3808.265625,99.55068723620687
,3.7,3859.546875,91.81379717403082
,3.0,3881.390625,84.7340196516098
,2.0,3872.859375,88.24041289923228
,1.0,3884.1875,58.690082883030904
,0.8,3849.953125,98.16291898707108
,5.7,3840.234375,90.38729568174779
,5.0,3911.8125,95.19139400242102
,0.3,3859.59375,86.86586477760899
,0.3,3813.625,99.92177882128395
,3.3,3866.25,99.8154750365692
,4.0,3894.390625,72.20444241991349
,0.6,3852.890625,99.67042426801447
,4.6,3855.875,97.82466071550078
,2.0,3900.78125,78.14869979768635
,0.4,3847.625,91.8421538242682
,5.5,3880.640625,88.4878089358516
,0.0,3823.96875,99.43616312485469
,4.0,3871.09375,99.92270520903588
,1.5,3885.921875,96.69967143734388
,1.3,3897.390625,94.96957445738632
,0.5,3866.21875,99.89183650514761
,1.8,3829.015625,99.77744582490537
,7.7,3874.09375,83.4374971769555
,0.8,3851.875,99.85464928004299
,2.0,3850.859375,97.92285412375249
,10.1,3879.34375,91.05956485562224
,0.2,3896.671875,74.51876826325936
,2.1,3896.109375,97.25488135484419
,0.8,3843.96875,99.88996894276981
,1.2,3863.71875,96.56812123470463
,2.7,3866.6875,100.0
,3.0,3893.765625,73.09095553041907
,0.3,3842.1875,99.921239083386
,3.6,3877.5625,95.8061845446092
,0.2,3861.609375,99.91420087150362
,8.2,3859.125,81.72953300177383
,2.2,3896.890625,82.23394271071743
,3.0,3860.96875,91.77067039952048
,3.5,3897.421875,75.04701569455831
,0.7,3874.765625,99.92306023978071
,2.1,3867.6875,100.0
,2.7,3848.34375,84.6477911503729
,1.2,3906.375,90.01746308134622
,0.5,3831.703125,98.78246832781042
,3.4,3872.984375,91.79112002421307
,2.0,3865.421875,99.00659073244238
,3.1,3867.828125,96.85136426094597
,4.2,3840.546875,79.71816138332409
,17.2,3854.796875,40.26344461736246
,1.5,3891.15625,93.69056808953178
,0.0,3861.6875,99.92304915084357
,3.5,3850.515625,97.27097229649631
,1.0,3897.78125,82.919319893621
,0.4,3858.359375,97.7884570951904
,1.6,3810.375,99.54246808931336
,4.7,3858.828125,89.97268076849055
,1.7,3877.921875,100.0
,0.5,3861.265625,99.92463563778074
,0.3,3811.984375,100.0
,5.0,3860.328125,99.45418227244619
,2.5,3849.703125,95.19436055338934
,0.6,3889.609375,99.97354720928342
,0.3,3812.546875,100.0
,5.6,3845.9375,86.83773813867506
,1.7,3878.078125,100.0
,0.2,3853.453125,99.5248947216134
,4.9,3850.875,91.94022961679683
,2.5,3896.609375,81.37796787441914
,1.5,3860.0625,87.50303679497267
,2.2,3884.734375,80.35473128686978
,1.0,3841.5,99.89462873843763
,2.8,3897.5,93.90075124424536
,1.5,3825.140625,96.89324686634538
,18.0,3846.5625,40.11160211830161
,10.9,3876.328125,68.57756042971674
,0.2,3883.0625,75.24296034110472
,0.3,3854.203125,99.92145353191297
,0.3,3797.34375,99.92420480801132
,7.5,3833.171875,95.5784475211892
,7.7,3874.921875,86.16833823982087
,0.5,3890.078125,68.21123943412736
,0.2,3853.234375,100.0
,5.5,3840.703125,89.43207188049495
,3.2,3876.34375,99.82557382524534
,1.3,3878.484375,88.22455453436831
,1.3,3851.4375,99.89811410287824
,1.2,3910.671875,69.60658289911703
,1.3,3835.578125,86.66655751015607
,5.4,3899.671875,96.03466050062971
,0.1,3825.5625,93.81378329007316
,3.4,3875.6875,93.96164027352219
,3.2,3856.90625,90.33220726437376
,3.2,3882.28125,99.38427946830195
,2.2,3878.203125,98.88153012751818
,1.0,3876.90625,99.27841882660775
,1.2,3815.828125,98.79129458629325
,5.7,3864.84375,92.24072971676301
,3.2,3907.875,74.33974837809403
,1.5,3913.53125,99.84372897592083
,1.5,3889.4375,76.34319157652713
,0.3,3863.859375,99.89802350718361
,2.6,3834.46875,99.88818644979975
,4.0,3883.84375,94.26625137796675
,0.7,3881.71875,79.91614503442128
,0.5,3854.5,99.89518865829388
,4.5,3850.390625,90.7227605897743
,3.5,3899.21875,92.89218455502616
,0.2,3852.78125,99.92653382167154
,7.8,3874.53125,77.14069530852444
,4.0,3870.328125,89.59022711739813
,0.4,3862.609375,99.51073141040293
,4.0,3899.78125,84.82014671872969
,4.2,3877.1875,88.59360215767222
,0.7,3895.703125,93.34730722403874
,1.0,3871.125,99.876175235441
,1.1,3831.921875,99.9253491447356
,5.5,3877.5625,85.74158292285458
,1.0,3878.3125,98.59762393893966
,0.3,3811.515625,99.9247595496855
,5.4,3859.140625,90.83216047717598
,4.0,3899.84375,67.94626780883529
,0.6,3852.546875,97.34598016428485
,2.7,3845.953125,99.91562649822019
,1.8,3890.671875,99.92945747551244
,0.5,3860.8125,98.76645236668264
,1.5,3815.828125,99.38567691485328
,2.8,3858.890625,99.90571956879354
,2.7,3855.453125,99.39635925419735
,3.8,3890.859375,80.32396416769099
,5.4,3909.625,87.92792573463373
,0.2,3870.53125,96.44632999368284
,0.7,3815.265625,97.70102548012139
,3.6,3861.859375,93.35637832359575
,1.3,3883.609375,98.44314732193915
,1.8,3850.640625,100.0
,3.5,3892.890625,95.90389987625835
,1.3,3905.453125,94.83393026566964
,0.3,3871.046875,99.97374282786335
,4.0,3845.59375,87.13220243436139
,9.3,3882.53125,73.7257156252572
,2.5,3849.515625,83.8296663457585
,4.4,3903.890625,84.37597139581608
,0.2,3862.640625,98.23895140772531
,3.9,3859.65625,90.58054206550946
,2.0,3896.03125,76.33911046651136
,0.2,3875.125,99.94709656130442
,2.2,3838.0,99.68820312306347
,4.0,3882.3125,100.0
,0.3,3885.015625,94.70285153169898
,0.5,3853.203125,99.89472852866568
,0.5,3801.125,99.89603141932972
,3.5,3821.96875,100.0
,3.5,3874.125,93.08034527111258
,1.8,3823.578125,95.40336889421336
,1.3,3826.203125,99.12155926254655
,3.8,3873.375,99.52445644623961
,3.5,3882.109375,99.84779941071848
,0.5,3896.03125,96.7259967748192
,1.5,3869.328125,99.90175312320268
,0.8,3895.171875,90.7327090266027
,0.7,3870.203125,99.38519620815381
,0.3,3846.9375,98.69665464687539
,1.4,3805.15625,99.41160181943776
,4.7,3848.390625,88.13608812800064
,3.8,3843.875,94.32671257165934
,2.0,3845.828125,95.12270148608575
,13.1,3871.671875,59.95353889205178
,2.0,3861.171875,99.46108131415869
,1.7,3895.75,83.91409922757116
,2.3,3907.296875,95.32036273614327
,4.4,3904.203125,77.38988642320325
,0.2,3863.640625,92.84243145924569
,0.7,3807.96875,99.89536240456704
,5.7,3838.765625,89.71549886577206
,4.2,3891.484375,99.5170046625119
,1.3,3848.578125,99.73492819489968
,1.3,3898.53125,81.53683097119286
,0.2,3866.671875,100.0
,2.3,3823.796875,95.24156163196074
,4.0,3874.109375,99.84837732931175
,1.0,3862.609375,99.92435835985304
,0.3,3810.84375,99.926194532374
,4.3,3847.453125,100.0
,2.0,3877.203125,99.67728561190003
,2.9,3843.8125,92.72031789047922
,3.2,3899.859375,99.79129628784037
,1.0,3844.875,99.12368498237224
,2.3,3906.859375,94.24915814790161
,0.3,3885.0625,98.3271151291184
,0.9,3854.96875,100.0
,1.5,3810.921875,99.10235941258073
,2.8,3857.421875,100.0
,4.0,3880.578125,87.13118186876966
,0.0,3867.203125,99.9310505633921
,0.2,3816.546875,99.97971523204949
,3.4,3866.578125,100.0
,3.7,3864.78125,98.51531467541442
,2.5,3904.921875,97.10424182755787
,0.3,3875.875,89.10781395539243
,1.6,3823.640625,100.0
,5.5,3870.515625,87.13219432585268
,1.3,3851.671875,99.91837327929285
,2.5,3903.4375,83.93562852394099
,0.3,3881.09375,97.12652124846373
,0.5,3815.71875,99.92767754301363
,2.8,3828.3125,99.50592371907526
,4.7,3876.546875,85.90864337293966
,2.0,3845.234375,97.92251714106223
,4.3,3918.796875,91.13252757266963
,0.0,3896.609375,91.52964006519603
,1.5,3878.09375,99.9241328096797
,1.0,3882.59375,99.49630742519247
,4.0,3841.53125,90.30758446478487
,7.8,3881.28125,83.13636467721314
,0.8,3855.734375,99.92840239477711
,1.0,3912.90625,99.92577663858279
,0.2,3885.484375,93.53200672208148
,0.5,3832.28125,99.92508327970498
,7.7,3850.75,81.93300395034755
,8.7,3897.328125,74.34245284324454
,0.0,3838.65625,97.92695129616048
,2.5,3864.40625,94.72633719570234
,1.5,3880.796875,96.3278747003527
,0.3,3852.78125,99.89762631938096
,1.8,3811.71875,99.90572514619763
,1.5,3841.46875,99.89803477645188
,6.2,3886.125,87.53070256656883
,0.5,3850.484375,99.92240395096854
,1.3,3822.25,99.92553629602058
,4.7,3856.84375,96.32675880979755
,6.3,3847.96875,81.93827253902087
,2.3,3913.21875,97.89841149224749
,0.5,3888.625,72.72436601570426
,2.5,3876.140625,98.70595257401177
,0.8,3883.765625,99.0965020176756
,0.4,3814.265625,100.0
,2.5,3829.203125,99.11925012833426
,6.5,3873.328125,84.73281094626567
,1.5,3871.90625,99.92370196099867
,0.3,3814.703125,99.9225185817854
,5.0,3871.0,100.0
,1.0,3887.796875,99.0969237402532
,2.2,3872.078125,93.88745936053992
,2.0,3896.5625,95.92050961058347
,1.0,3871.671875,100.0
,1.0,3815.421875,99.52381740190806
,8.8,3827.40625,98.31699420977684
,3.7,3879.296875,100.0
,1.0,3827.71875,99.49319138099175
,2.6,3844.46875,99.85313809779795
,3.0,3855.5,99.89856331960789
,2.3,3899.4375,71.52293868403383
,0.7,3844.203125,100.0
,3.0,3894.3125,99.89460478416576
,0.2,3885.53125,99.89397463527399
,0.5,3821.671875,100.0
,2.0,3828.015625,99.78193635947179
,8.7,3865.71875,75.13564436983755
,3.5,3863.28125,91.92444756666112
,1.3,3816.671875,99.91353891067664
,7.8,3845.421875,81.13708963766157
,2.5,3846.78125,99.91804791911487
,2.8,3902.59375,94.70286913137906
,0.5,3848.21875,100.0
,1.0,3869.109375,99.89322814147286
,0.7,3865.375,99.49437844226968
,1.5,3813.65625,99.48737392221523
,5.3,3857.265625,86.72791080776287
,1.8,3892.171875,98.72194856895122
,1.8,3894.828125,99.92168288243485
,0.3,3883.09375,94.32716301891021
,0.7,3846.0625,99.51991521624622
,4.0,3797.96875,99.92002073101938
,13.3,3819.828125,55.55328645725153
,10.8,3857.90625,67.54582527218297
,2.2,3870.390625,97.52305354320113
,0.5,3847.359375,99.91964173234663
,2.5,3811.984375,99.89432019156655
,2.3,3861.109375,99.89261822273122
,0.5,3873.59375,98.69596084264025
,4.2,3852.96875,88.72317654698209
,2.0,3865.71875,99.52277520695519
,1.5,3824.953125,99.92114114638657
,3.0,3873.078125,99.1193767005164
,0.5,3841.390625,99.52290764792822
,1.3,3855.4375,100.0
,1.2,3872.71875,99.89675959936439
,0.5,3847.640625,99.89622919327819
,1.8,3820.859375,99.12158490559287
,8.8,3851.796875,73.94105205731466
,1.3,3876.234375,93.12861447617841
,0.3,3809.90625,99.92265917982861
,1.7,3831.578125,99.6372483832302
,7.0,3873.1875,88.31537354957003
,1.2,3864.296875,88.70293522211979
,0.3,3831.515625,100.0
,1.5,3794.140625,99.49678044320926
,5.2,3843.578125,99.9184584493
,1.0,3901.734375,99.92055315648436
,0.5,3842.578125,98.32322706014732
,4.5,3871.671875,91.52846813543223
,0.7,3881.09375,99.12321003765695
,0.0,3834.59375,98.69964536604964
,3.5,3881.828125,99.90024508926575
,0.5,3855.46875,100.0
,1.8,3829.6875,99.89832499003035
,3.3,3875.921875,99.90209515473806
,1.0,3904.5625,81.11490371789685
,0.3,3844.921875,86.70903988928845
,6.2,3899.5625,89.92755776508903
,0.0,3875.765625,95.92678579680444
,0.7,3820.984375,99.92456366207621
,4.1,3868.828125,91.82273058756645
,0.5,3840.0,99.90250174286358
,8.3,3871.15625,73.94313034443222
,0.7,3887.25,99.92325454067638
,0.5,3859.71875,100.0
,1.2,3815.09375,98.32657128651864
,9.0,3859.953125,76.73887833122862
,2.2,3894.515625,97.10070471890452
,0.0,3884.609375,98.2989697010154
,0.5,3823.890625,99.34009175182156
,5.8,3855.6875,89.9178211432073
,1.5,3899.296875,99.92439530070719
,0.5,3870.234375,100.0
,2.2,3833.0625,99.92446199889503
,2.8,3870.171875,97.92445420808467
,6.7,3841.34375,83.13772004345351
,4.0,3866.890625,90.7235226987379
,0.5,3891.265625,99.52683236736625
,2.5,3872.140625,93.52423431944513
,1.2,3886.921875,86.73398035805108
,0.8,3856.21875,99.49783889516797
,3.0,3839.265625,99.10347607889146
,8.7,3876.125,100.0
,1.8,3892.78125,52.75634664659844
,0.5,3882.234375,97.12488042232495
,1.0,3864.15625,99.9233803554426
,1.0,3856.890625,100.0
,0.8,3820.859375,99.89420934285106
,6.5,3867.484375,97.09378038135296
,2.0,3888.546875,69.14491280249773
,1.0,3849.3125,100.0
,0.5,3880.390625,89.5321340005923
,0.3,3856.328125,99.92525522362602
,1.7,3816.8125,99.92067526831148
,7.5,3857.671875,99.91996519674801
,1.0,3877.09375,67.14838230934646
,0.5,3847.0,100.0
,0.0,3788.515625,99.9258580084489
,3.5,3820.015625,99.9244212685864
,6.5,3886.84375,96.69943540123292
,0.3,3828.6875,100.0
,1.0,3831.234375,99.8972973766613
,6.3,3820.640625,82.73531876896075
,0.2,3821.0625,99.5251582721989
,4.0,3854.8125,92.32982011752321
,2.5,3888.078125,90.3298264613157
,0.3,3833.515625,99.92351893338162
,3.8,3857.875,87.93319626336833
,1.7,3819.09375,97.52521552852987
,3.5,3843.15625,95.02566202649372
,2.0,3860.421875,96.72429823601017
,2.0,3883.140625,59.55431041710539
,1.0,3849.390625,99.89825281986684
,2.0,3873.296875,90.30359342031345
,0.7,3812.703125,100.0
,3.5,3833.890625,93.12679999984962
,6.3,3884.4375,81.13619027370589
,0.5,3860.34375,99.92319723601445
,0.2,3797.65625,99.5226076418446
,4.0,3842.546875,99.92222462435734
,2.0,3833.78125,95.5016113784086
,2.2,3839.5625,99.8954160992115
,2.0,3860.8125,100.0
,1.3,3807.28125,99.90396750460894
,7.7,3847.53125,82.76968310299158
,6.7,3893.359375,64.35069026012064
,0.3,3829.46875,90.73002800486488
,1.0,3860.796875,100.0
,0.5,3871.3125,99.92305672944605
,1.0,3816.8125,99.27936459902202
,4.5,3809.890625,90.32730422130263
,3.3,3862.4375,99.52362785977445
,4.2,3905.171875,96.3264665965051
,0.0,3874.9375,63.94963562312208
,1.0,3836.578125,99.92169036784364
,1.0,3859.734375,100.0
,0.0,3804.296875,99.89759309274527
,8.5,3846.734375,85.93204630105744
,8.3,3885.890625,61.55326469375486
,0.5,3828.703125,96.7252020231547
,4.5,3854.125,92.32895055805446
,2.0,3830.359375,98.7256077917151
,0.5,3894.796875,99.09813179005677
,0.5,3830.234375,99.89416691789951
,6.7,3903.53125,85.93391785459966
,0.0,3880.03125,99.92262400703366
,0.5,3816.8125,99.92739285493668
,1.8,3843.96875,99.12449211056304
,2.0,3836.984375,99.52441976910103
,2.8,3873.1875,100.0
,1.2,3851.515625,99.90094742151237
,0.5,3888.703125,88.31016330927784
,0.0,3866.84375,99.90219314735559
,5.8,3823.421875,88.331192644173
,4.0,3876.328125,99.92483364124706
,0.0,3872.234375,87.93471930605548
,0.5,3846.0625,99.92539578287399
,3.0,3827.34375,99.92486139945686
,3.0,3878.78125,100.0
,0.5,3876.015625,87.11390332497135
,0.5,3852.203125,99.90167746249048
,0.5,3821.734375,99.90239835850852
,7.2,3862.21875,86.3321135170827
,1.0,3890.9375,88.33563547160755
,0.2,3825.765625,99.52853972550437
,2.5,3875.671875,99.92203790591495
,0.5,3835.5625,81.54011881592211
,2.2,3866.453125,99.90094563226631
,0.3,3892.75,77.52150598060322
,1.7,3863.28125,99.8965489279356
,1.0,3820.046875,76.56199102377317
,5.4,3856.828125,100.0
,1.0,3890.515625,88.73311926245981
,0.5,3863.078125,99.52920826299322
,1.5,3818.46875,99.92219328759792
,2.8,3856.640625,98.32671492736267
,4.5,3895.71875,69.94851873594821
,0.5,3864.21875,84.74001761903881
,0.2,3794.25,99.52772197765788
,2.0,3802.4375,99.52555607830914
,3.5,3857.609375,99.9231325387814
,1.8,3867.671875,98.70038672072924
,0.8,3809.171875,99.89357369260084
,3.7,3866.578125,99.89892375546299
,6.0,3885.921875,61.152255500622346
,1.0,3867.140625,99.52584528858938
,3.0,3834.328125,99.92340241722934
,6.5,3877.015625,85.13468221208943
,1.2,3884.421875,61.95082900019416
,0.0,3849.578125,99.8864596735283
,2.5,3813.921875,99.91944023937496
,6.5,3859.78125,87.9344670099772
,0.0,3884.578125,97.9244252746511
,0.3,3813.078125,99.92423454193445
,1.7,3815.625,99.89976836872604
,9.2,3851.5625,79.5237905954507
,3.7,3875.4375,99.8955860358229
,0.5,3822.875,99.89847098041268
,7.5,3868.125,87.53030093499852
,1.7,3892.6875,99.12410147077706
,0.7,3847.4375,87.90738602648912
,1.5,3853.53125,99.92108763330066
,3.8,3890.390625,95.92504808586743
,0.7,3857.796875,99.89800524400371
,1.3,3822.4375,99.89103465734627
,6.2,3849.625,87.92944260554965
,3.2,3866.375,99.92186959955043
,2.7,3902.90625,62.75310097042547
,0.0,3853.421875,95.12743117094571
,3.2,3878.375,91.13076705778364
,4.5,3866.859375,87.51022350516698
,1.3,3826.734375,100.0
,3.0,3864.671875,92.32859342498837
,6.0,3868.28125,86.11198743323479
,1.5,3899.296875,61.55241616616526
,0.0,3853.859375,98.32724266637477
,2.0,3885.96875,99.92399599686208
,1.3,3860.578125,99.48259493586555
,2.5,3844.0,99.89647878177308
,9.0,3881.890625,73.94312079677078
,0.5,3852.359375,99.92245767468711
,1.5,3892.171875,95.52869423737306
,0.5,3866.375,99.92198990134848
,0.3,3822.640625,100.0
,7.0,3872.40625,87.13394062939908
,1.8,3883.75,90.33001366533483
,0.8,3852.25,99.92271836688776
,3.2,3902.5,82.33760587003879
,0.5,3878.109375,100.0
,0.0,3868.671875,99.90083653485155
,6.0,3831.828125,98.60114772613599
,5.0,3878.6875,89.92997395883813
,1.0,3882.75,83.93517350890106
,1.3,3858.03125,99.9226887036082
,1.8,3815.1875,99.1180488962468
,4.7,3854.984375,90.30810249005381
,3.5,3887.0,95.1218426480629
,1.0,3825.578125,99.9224705535101
,7.3,3870.296875,84.73428645260451
,2.5,3894.328125,57.55538564665469
,1.0,3860.765625,99.52160763462857
,2.7,3897.71875,86.3128298289752
,0.3,3868.171875,99.89809026311298
,4.3,3816.203125,97.51947173508918
,6.5,3863.609375,89.12923736280035
,1.8,3889.328125,95.12496864069526
,0.0,3832.34375,99.92360771552441
,0.5,3853.65625,99.9251683449105
,3.7,3879.75,88.53125706634079
,1.7,3840.8125,99.84522962607141
,4.5,3917.859375,98.31941750146514
,0.0,3851.4375,57.1545617242135
,2.2,3876.953125,100.0
,4.2,3895.5625,89.90379887446727
,0.3,3851.78125,99.89355155104963
,2.2,3820.328125,99.91966207230297
,3.5,3869.59375,100.0
,1.3,3839.4375,97.73522406067534
,3.7,3890.703125,99.90253506571547
,0.5,3868.171875,99.89406155269101
,0.7,3805.15625,100.0
,2.3,3815.328125,99.89267381954096
,5.2,3867.796875,99.90077365581085
,3.3,3877.6875,91.928650859013
,0.5,3837.75,99.92165703221188
,7.0,3818.03125,88.72512529853387
,4.3,3865.796875,96.72304541058979
,0.7,3838.328125,99.92558442023675
,4.0,3857.3125,89.13017578096056
,1.5,3856.78125,99.92333590643506
,2.8,3835.890625,100.0
,2.8,3888.8125,95.92561083093933
,0.5,3847.875,99.92152764181849
,2.5,3888.46875,99.89806251977473
,1.0,3855.25,100.0
,1.2,3879.78125,97.49705862094919
,0.5,3861.0625,99.89486175299682
,2.2,3802.953125,99.92118187402122
,6.0,3851.96875,90.32638507601301
,2.3,3881.140625,86.33540297769612
,0.5,3849.6875,99.92309369258507
,3.3,3829.59375,95.92259871755381
,15.7,3849.71875,49.0810976500879
,4.7,3885.640625,87.13107070385068
,5.3,3856.21875,84.73356362569278
,1.8,3891.34375,78.34160888209719
,1.0,3847.234375,99.91996159364757
,1.8,3881.515625,99.52544928627508
,0.0,3820.3125,99.4971191722307
,1.7,3855.4375,99.89658405914113
,3.8,3887.96875,88.73081569466927
,0.5,3825.953125,99.5221104141656
,2.3,3860.625,99.12412900618033
,1.2,3835.484375,93.52989185464232
,2.0,3861.953125,99.92308632320234
,1.8,3887.890625,93.50455709274307
,0.2,3857.953125,100.0
,2.0,3807.15625,99.89420564867257
,3.0,3843.46875,99.90108054624655
,0.8,3877.640625,84.31346563394776
,0.3,3807.296875,100.0
,10.2,3840.234375,73.54218312681242
,4.2,3901.84375,81.53688237877768
,0.5,3874.828125,84.7358370818314
,0.5,3849.421875,99.92378344372392
,3.2,3828.15625,99.91974345545688
,2.8,3872.234375,99.90413937586861
,1.0,3836.265625,93.10364741799329
,2.5,3868.28125,99.50090375863306
,1.2,3891.90625,96.30082007281278
,0.3,3871.609375,99.89417800042717
,1.0,3851.953125,100.0
,8.8,3870.6875,83.1125588460639
,1.0,3892.59375,93.92945138098032
,0.7,3859.984375,98.72295521460359
,0.8,3818.4375,99.7495423666913
,3.3,3829.328125,95.83972300952516
,6.9,3871.671875,90.30144202708135
,2.5,3884.28125,95.8988667857542
,0.7,3817.46875,99.89818815493126
,6.2,3863.09375,86.73074819110681
,8.3,3900.3125,73.94417163922925
,0.5,3854.9375,100.0
,1.3,3903.46875,80.34007916298988
,0.0,3879.921875,99.92434366721129
,0.5,3849.953125,99.50036809803942
,4.8,3823.671875,88.7255947281275
,6.2,3868.421875,88.33172062307874
,5.2,3883.46875,86.33223352493286
,0.2,3870.34375,99.92469315332458
,0.0,3812.8125,99.92371314307093
,4.0,3847.40625,99.10152173342851
,3.3,3897.625,99.49350979146736
,0.7,3844.859375,99.89773550272622
,3.2,3883.03125,95.08312267000201
,5.7,3890.3125,83.53348822422349
,1.8,3853.109375,99.70930340293705
,4.3,3886.453125,93.11468386136953
,0.5,3888.171875,84.73383955104589
,0.7,3869.546875,99.92619650851428
,5.0,3890.671875,83.13556785707482
,0.3,3829.453125,99.52544192291258
,3.5,3855.796875,98.41539253581654
,2.2,3886.453125,97.52716826792906
,1.0,3863.0625,99.92171624133047
,3.0,3833.46875,99.50557030184073
,3.0,3877.328125,93.52488679334635
,3.5,3893.09375,80.7372756258591
,0.3,3868.109375,99.92165521897732
,0.0,3811.921875,100.0
,3.8,3842.71875,96.72539714870223
,3.8,3856.203125,92.7263009634262
,0.5,3886.484375,99.92378890690712
,2.5,3850.0625,90.7312721540713
,1.8,3915.03125,99.5218691765988
,0.2,3891.6875,92.32914540789265
,0.3,3827.3125,99.89637520076987
,2.0,3834.578125,99.89779823852949
,3.8,3885.25,99.89589110532212
,0.8,3871.53125,97.90040915579209
,1.7,3856.65625,99.89590037593243
,3.5,3860.90625,99.89775752995483
,7.2,3906.78125,69.14581230841287
,0.5,3851.46875,97.92570640423772
,4.0,3888.25,89.93205578309086
,0.0,3885.46875,85.93460007007418
,0.2,3830.546875,99.92470984539862
,8.8,3873.125,83.92134177388228
,3.2,3900.140625,91.90593868044297
,0.5,3841.171875,99.89454024012281
,3.0,3882.859375,90.73059717672837
,0.3,3894.703125,96.7277366462785
,0.0,3870.578125,99.92335259805564
,4.5,3865.421875,95.5168483809594
,4.0,3904.8125,70.74521786281548
,1.0,3886.96875,83.51499042590295
,5.2,3871.875,92.32865331213999
,0.5,3889.9375,89.53151610269633
,0.3,3854.6875,99.92364472556612
,0.5,3814.734375,99.92405713831288
,6.1,3857.59375,87.13154465676689
,2.0,3898.0,91.108426912245
,0.5,3868.6875,94.700971949954
,0.3,3807.15625,99.89776863651471
,5.7,3834.375,99.5220441715423
,3.2,3883.4375,99.92060687821277
,0.5,3882.109375,99.12411802891555
,0.5,3825.28125,100.0
,1.8,3839.890625,99.92419211472351
,2.9,3869.0625,96.16250676364052
,5.9,3896.328125,71.54755128085988
,2.0,3863.3125,99.92434738686701
,0.8,3889.828125,99.12633375607113
,0.5,3835.359375,100.0
,3.7,3855.65625,88.73256432840756
,2.0,3849.875,99.52119701002567
,0.0,3851.25,85.97069821227068
,3.2,3865.78125,100.0
,1.7,3898.296875,90.73133263148446
,0.7,3850.015625,97.9005685534089
,1.5,3888.4375,85.11428294274675
,0.0,3873.8125,99.89819373149444
,10.5,3818.984375,69.44897598003641
,9.3,3852.28125,73.14297510555161
,0.8,3896.9375,75.14263784291684
,0.7,3873.15625,99.12440237775581
,0.2,3805.09375,99.12705833927753
,7.5,3843.0,93.10689413115806
,4.0,3901.046875,95.90179770933076
,0.7,3874.078125,99.89517399746323
,0.5,3849.0625,99.89843405872388
,2.3,3814.8125,100.0
,3.0,3864.765625,99.92384256237212
,0.5,3847.703125,93.92737272483807
,0.2,3879.765625,99.92636475970909
,2.7,3872.5,89.93135511474296
,0.0,3815.890625,100.0
,3.7,3851.25,99.92157385595574
,1.3,3887.453125,99.92385002485685
,0.3,3829.75,99.92418653525735
,3.0,3852.921875,98.72535384667242
,1.5,3887.640625,93.127385975221
,0.8,3873.015625,99.89697584810895
,4.5,3890.296875,72.34367596847386
,0.2,3831.203125,99.52629471404884
,4.0,3868.78125,93.92880129526424
,13.5,3896.8125,49.56183526147697
,0.0,3874.53125,98.93958521051009
,3.8,3848.03125,95.89409313197046
,3.0,3913.890625,78.31948553346648
,0.3,3881.140625,84.31120874602888
,0.8,3828.671875,99.89816240980593
,10.8,3870.90625,100.0
,1.8,3891.65625,67.94811243289615
,0.7,3865.328125,99.92390914358383
,9.8,3851.359375,99.91460009614593
,9.5,3905.171875,89.93178782135209
,0.3,3872.765625,79.91973189907708
,0.5,3850.265625,99.89842666974222
,3.7,3813.484375,97.91754550347154
,2.3,3853.796875,99.92363365974676
,1.3,3869.453125,97.92362084091505
,0.7,3802.125,99.92756480680616
,7.3,3847.40625,99.52246772297838
,2.0,3881.796875,67.13151290936922
,2.0,3832.859375,99.89625702853728
,6.7,3898.171875,81.13625498118675
,0.3,3870.609375,90.73127722023895
,3.8,3855.875,90.72890827864398
,0.5,3885.1875,94.3274598301414
,0.5,3860.75,99.92478012420601
,0.3,3789.484375,99.89582453820849
,2.7,3797.78125,99.92270358173995
,4.3,3849.34375,94.32610719804657
,1.7,3859.71875,99.9266254722969
,3.8,3840.875,91.92864232551797
,3.0,3893.671875,97.12272032153581
,0.3,3830.453125,81.52028466402729
,5.7,3896.203125,82.73654511363695
,0.3,3874.421875,85.93672617752057
,0.0,3843.390625,99.92696207113846
,6.5,3824.984375,89.52970207673671
,5.0,3899.46875,88.33193804733382
,0.3,3873.765625,95.10421701262277
,1.0,3848.796875,99.89652499597773
,0.3,3785.328125,99.0904822195203
,2.3,3811.984375,99.89830651761862
,7.7,3854.625,83.93490018199454
,2.0,3826.953125,95.30551963334554
,1.5,3890.765625,93.12702408916836
,0.0,3835.59375,97.1269257804841
,4.2,3878.375,99.92387768952966
,1.8,3848.703125,100.0
,2.7,3802.34375,98.70513270596011
,4.3,3850.046875,99.89869832009734
,1.0,3868.4375,80.71945781241261
,1.5,3817.15625,99.10485319394391
,3.3,3889.703125,93.1044758362996
,0.5,3843.9375,99.49659278596371
,10.1,3899.171875,61.9528512133093
,0.5,3874.453125,81.93877911333641
,0.7,3847.46875,99.92376686819729
,1.3,3798.53125,99.51997608461271
,3.5,3835.9375,91.53124757533449
,3.2,3884.296875,99.49969805018533
,0.3,3859.1875,99.8977890837444
,0.3,3836.375,98.69843495221782
,4.3,3823.453125,97.89885346230618
,5.4,3869.28125,99.49858258123747
,0.3,3876.515625,93.504223254048
,0.5,3852.84375,99.89865391628163
,0.3,3790.328125,99.49626706613353
,1.8,3801.5,99.92426980885448
,5.2,3841.5625,90.33104668485274
,2.8,3870.859375,95.12811776755782
,0.5,3842.953125,99.12534890446875
,4.0,3837.5,99.52395385138914
,4.8,3880.46875,81.93792244155205
,0.5,3834.609375,99.92540687233199
,2.8,3880.625,96.32589629377624
,0.2,3851.84375,99.5251417626194
,1.7,3803.640625,100.0
,3.5,3839.109375,95.50670160573152
,7.3,3875.46875,86.73268529117304
,1.5,3858.46875,99.12466643389806
,0.5,3789.8125,99.92345993135355
,3.0,3806.53125,99.9159145693275
,7.0,3847.890625,96.32470730332687
,1.8,3828.296875,98.30173582958935
,3.5,3892.609375,88.7087853592095
,0.5,3830.140625,94.70151507647884
,1.0,3839.984375,99.90230591927312
,2.0,3859.96875,99.8971680725829
,0.5,3795.203125,99.89801820946661
,8.3,3839.609375,82.73365165218645
,6.0,3885.078125,85.13612848713717
,0.0,3823.734375,98.72598416382404
,4.0,3855.828125,91.5264376281476
,1.2,3861.671875,99.92543095762029
,0.3,3801.0,99.89679291838574
,4.7,3822.65625,100.0
,4.0,3871.125,97.50693254526685
,0.7,3851.515625,99.90103623326108
,0.5,3833.984375,99.8962126268918
,2.2,3781.671875,100.0
,1.8,3824.0625,99.92613541094276
,3.3,3870.109375,90.33263308988845
,1.0,3840.953125,99.92527377575023
,1.8,3786.734375,99.91867488497968
,3.0,3822.0,100.0
,10.7,3852.453125,72.5238212251983
,3.0,3879.5,71.54461210494728
,0.5,3839.6875,99.92398311764586
,7.3,3879.640625,79.13938019198413
,0.2,3827.5625,99.12467752659299
,2.5,3863.640625,100.0
,5.2,3857.53125,91.13099807457499
,0.5,3886.84375,94.3288998684396
,2.5,3848.203125,91.531410292886
,3.5,3886.4375,91.12932520109041
,0.3,3863.1875,100.0
,2.2,3811.640625,99.89673754934084
,4.0,3859.46875,95.92546706429962
,1.2,3868.484375,99.92331563472506
,0.5,3819.125,99.92223773558894
,4.5,3894.90625,92.32987996330435
,0.7,3830.34375,91.92974132011294
,2.2,3847.421875,99.90406921904584
,2.8,3875.09375,99.49720028517937
,1.0,3828.0625,100.0
,4.0,3892.796875,99.89080005761615
,1.5,3864.0,91.5054589504821
,3.2,3887.3125,89.50104432877201
,0.5,3870.484375,100.0
,1.7,3850.421875,99.90544060642799
,5.0,3911.734375,80.73466425645661
,0.3,3884.796875,99.52381392873762
,1.0,3863.703125,100.0
,1.0,3814.0,99.3776486733597
,2.0,3838.296875,99.91041673047974
,4.7,3878.640625,100.0
,0.0,3809.65625,98.72356368143873
,3.5,3835.734375,99.92222843684277
,4.2,3895.734375,89.93131019350338
,0.5,3838.625,91.13420393509077
,3.0,3865.421875,99.9008643726783
,2.0,3871.109375,99.8993026899285
,0.3,3818.875,99.89486725948625
,5.8,3864.546875,93.925420963999
,0.7,3839.859375,99.92350056788865
,2.5,3890.71875,85.93422318382139
,0.8,3868.34375,99.92260745513873
,0.0,3845.109375,99.92340072016849
,0.7,3790.4375,99.49747998122868
,3.0,3813.03125,100.0
,4.0,3862.484375,99.89658784643527
,0.8,3852.0625,99.89773178505146
,0.5,3799.484375,99.89872418167855
,5.5,3842.53125,100.0
,0.8,3835.625,96.69907052784629
,3.0,3849.21875,89.50498322451303
,2.5,3876.96875,98.72206375027774
,0.2,3870.875,99.92641839469158
,3.5,3830.75,96.3167442935534
,4.5,3904.34375,90.73176080965379
,0.7,3835.265625,93.90809290364481
,8.2,3857.765625,73.54328673536729
,1.0,3883.109375,74.74213119082596
,0.5,3821.65625,99.92424932753534
,1.0,3843.21875,99.52626160151881
,6.3,3880.765625,79.53873257929574
,0.5,3847.078125,99.0992813455256
,3.5,3836.765625,100.0
,5.5,3898.6875,77.54042553532052
,0.3,3836.15625,86.73359683826651
,3.2,3900.3125,95.52609413431618
,0.5,3873.40625,83.13665088012073
,0.5,3843.25,100.0
,0.5,3796.0625,99.89534035516029
,3.3,3845.359375,99.92383714567828
,1.3,3874.8125,99.92405711506515
,6.0,3855.234375,95.92580791378731
,2.0,3889.25,87.5341559396882
,2.8,3868.5,94.3295475247348
,0.5,3886.8125,79.12003109009852
,0.3,3833.015625,99.89759306950987
,4.0,3874.515625,88.72860090432548
,0.3,3878.109375,91.93011381006599
,1.0,3839.578125,99.92135208427827
,5.0,3897.9375,87.1334004628378
,0.0,3869.546875,83.53647311125539
,0.2,3808.375,100.0
,3.8,3853.28125,95.09871035622565
,6.0,3888.859375,79.13654230960015
,0.5,3857.984375,99.92305126634292
,0.0,3799.28125,99.92364293550693
,4.8,3841.4375,100.0
,1.5,3882.65625,81.73073276075426
,0.5,3859.578125,98.29811518462344
,2.0,3841.265625,99.89087772306135
,0.5,3881.90625,99.09504287649366
,0.3,3854.609375,100.0
,0.5,3796.265625,99.89673197294022
,6.3,3835.796875,87.5301293319423
,1.8,3882.953125,98.72351611455156
,0.7,3834.640625,100.0
,2.5,3875.3125,99.92227467487517
,0.0,3814.34375,99.1282525478421
,13.5,3840.953125,62.75230554693025
,5.5,3906.4375,87.13228968201075
,1.2,3881.25,91.92829022933374
,0.0,3843.484375,99.9216848816433
,4.3,3891.140625,91.01346680788602
,0.8,3868.171875,100.0
,0.5,3803.65625,99.49695727071772
,2.0,3806.34375,99.92312714541183
,7.3,3848.1875,84.73498259939008
,3.7,3858.203125,93.52863016514625
,3.0,3908.15625,82.73522395209379
,0.0,3851.40625,99.12532134532569
,2.5,3911.125,99.5035048899793
,0.7,3894.578125,77.11953663348099
,0.3,3813.90625,70.7335301642399
,4.4,3847.3125,100.0
,2.8,3895.578125,93.10500981715202
,0.5,3866.703125,99.89627368787755
,0.7,3831.703125,99.8947970924513
,3.3,3879.984375,99.89717734343022
,2.2,3865.15625,100.0
,3.3,3824.28125,91.92583232534672
,7.7,3856.890625,81.93685043559162
,2.0,3894.15625,62.352219370011284
,0.5,3841.203125,79.13824525763756
,3.0,3899.734375,87.53414141922111
,0.2,3873.140625,94.7035893802185
,0.5,3863.421875,99.89726605553486
,4.3,3828.296875,98.30326701766049
,5.2,3875.703125,97.90338328203295
,1.0,3883.453125,96.32496754934917
,0.5,3860.625,99.9244436330554
,1.3,3812.484375,99.91621585799831
,1.5,3864.265625,100.0
,9.5,3841.234375,71.54442807949397
,0.5,3869.015625,99.89950967840146
,4.8,3837.1875,89.13076134847732
,2.5,3867.703125,99.52368505113132
,0.8,3887.5625,79.93680795529447
,1.2,3842.703125,99.92238749213426
,2.0,3903.515625,96.72518962389903
,0.8,3873.0625,84.31344070884276
,0.5,3810.671875,99.89342230313495
,3.5,3840.71875,100.0
,0.8,3881.859375,94.69948284430887
,0.5,3853.140625,99.8959780260742
,5.0,3843.0625,88.7286221657211
,1.2,3856.03125,100.0
,2.5,3849.296875,99.92517394773455
,2.0,3900.40625,99.9245175149171
,0.0,3842.734375,89.53246215816758
,2.3,3909.34375,99.89717924871734
,1.5,3885.234375,98.69780503270472
,0.5,3828.875,99.50294834555086
,3.9,3879.96875,98.32036168619526
,1.8,3867.890625,99.52325225080408
,4.5,3866.34375,90.19164952934537
,8.3,3880.234375,80.72459072323072
,0.3,3889.21875,99.52190416164612
,9.3,3857.875,66.34591660592434
,2.8,3902.171875,88.73233447903097
,0.3,3879.84375,95.1273661701941
,0.2,3815.34375,99.9238833851995
,9.3,3843.046875,74.34317104151216
,7.2,3882.296875,83.12503152761536
,1.5,3869.328125,97.90077139901238
,1.3,3826.296875,99.90176808805
,5.5,3864.65625,86.33366966819193
,6.3,3878.265625,87.13405520735996
,0.0,3866.53125,99.92392211577157
,3.5,3846.234375,99.51678308477898
,8.7,3881.734375,76.7123754390773
,0.3,3844.734375,95.90295618731356
,5.3,3896.140625,92.70681008114549
,0.5,3870.5625,99.8955530196545
,1.0,3848.40625,99.89673194970521
,1.8,3802.296875,99.10905575340546
,6.2,3841.40625,86.7315088882034
,3.2,3892.625,99.92441217866474
,3.3,3868.578125,92.73024229664843
,0.0,3891.28125,85.93347417944055
,0.3,3847.46875,99.52495031673145
,5.0,3850.390625,90.31086254199359
,2.8,3910.09375,91.10639591851292
,1.0,3849.984375,71.12586131527307
,5.2,3863.734375,90.31771163183846
,1.0,3887.625,99.92256130978645
,0.3,3868.703125,99.9248559129083
,5.5,3819.375,87.13132708901453
,2.5,3872.53125,99.92206019957676
,0.8,3881.953125,84.73507048348617
,0.5,3828.140625,99.89585049124014
,4.5,3868.625,90.3899809287882
,4.7,3883.4375,76.34061790488649
,0.5,3872.6875,99.92385372122821
,2.0,3821.078125,99.92488367113049
,7.0,3860.296875,81.91283927510237
,4.0,3900.171875,85.1115905984048
,0.7,3840.96875,97.49939613353203
,3.5,3876.09375,93.5257521381731
,4.0,3896.953125,78.33820808369569
,0.7,3871.640625,99.9240756899922
,1.5,3826.578125,98.72309047219142
,9.6,3866.625,75.54280525359232
,1.8,3898.03125,89.10939980199045
,0.7,3873.21875,100.0
,0.5,3847.796875,98.29691141057721
,2.5,3811.5,99.90116928852075
,5.3,3854.53125,93.10664614344496
,0.5,3882.3125,100.0
,0.5,3863.0,99.49962637559516
,3.3,3812.453125,98.32296875859451
,4.8,3863.953125,98.7243473358512
,1.3,3896.53125,97.12594448771246
,0.3,3868.046875,99.92365402457588
,4.2,3873.40625,99.92074198477944
,1.5,3894.359375,78.3208272708048
,1.0,3877.34375,99.4965136641975
,0.3,3851.0,92.70769336588917
,4.7,3869.359375,85.926697646787
,2.3,3893.203125,90.72930456066656
,0.2,3829.65625,100.0
,4.2,3881.765625,99.52602946709304
,1.0,3885.171875,79.1398034854266
,0.3,3855.140625,99.4971450219064
,2.0,3817.0625,99.89627740544378
,4.7,3843.109375,87.93123074352803
,5.3,3891.953125,89.93231703006192
,0.0,3871.0625,99.9238167807745
,0.0,3813.21875,99.92277209094443
,5.8,3856.515625,92.32816130755327
,4.5,3902.703125,86.31235876836855
,1.3,3882.765625,98.69676072467296
,0.3,3816.5625,99.89799594976715
,2.0,3829.75,100.0
,6.0,3869.296875,94.72594648461147
,1.2,3833.5625,91.84984520884055
,2.9,3874.5,99.91961588317977
,0.8,3886.203125,73.12376524680776
,1.0,3844.734375,99.89510015898698
,3.8,3889.4375,97.0964154214862
,0.3,3865.078125,99.89606861805886
,4.2,3854.765625,99.903200504949
,0.8,3905.828125,99.09795228174721
,0.0,3851.671875,100.0
,5.2,3905.875,87.53197584629791
,0.5,3851.546875,95.52542416804859
,4.3,3882.46875,93.92878571412162
,0.7,3881.171875,99.5233553797508
,0.5,3851.875,100.0
,4.3,3838.484375,99.90259618090606
,6.2,3880.171875,86.73280730992494
,0.7,3890.84375,94.72669848897745
,0.0,3859.21875,99.92439550993804
,2.5,3840.203125,100.0
,3.5,3878.546875,99.90693229700423
,1.2,3889.140625,89.50719204716736
,0.5,3835.875,100.0
,2.0,3853.671875,99.5013879757777
,18.3,3868.953125,35.97066300836671
,4.0,3884.75,87.93236813130588
,0.0,3823.359375,99.52484162729168
,4.0,3861.984375,98.72488073510698
,3.8,3896.21875,89.53177293422048
,1.0,3840.03125,98.30236687926556
,0.0,3850.421875,98.69760784016565
,4.3,3899.4375,82.73639210488972
,0.0,3874.78125,99.92359671945574
,0.3,3815.71875,99.92240416019105
,6.5,3859.09375,93.12681208933576
,1.8,3901.140625,99.92430865596526
,0.3,3876.3125,100.0
,0.5,3834.078125,99.49962447785153
,1.5,3879.3125,99.89754699372926
,3.5,3871.765625,87.93276668837167
,1.8,3840.046875,100.0
,2.5,3901.265625,97.52698778907154
,0.7,3852.609375,97.52484208413891
,1.8,3900.96875,96.33011559120004
,1.5,3873.3125,95.91955131358294
,0.5,3826.140625,99.88827795941494
,5.2,3870.734375,91.11278583789037
,2.8,3882.6875,83.1371955743583
,0.7,3856.15625,99.92502236948006
,0.0,3802.9375,99.92368917484842
,5.7,3854.0,99.52088578499735
,3.5,3903.21875,91.9318031420772
,0.2,3883.921875,78.3201637708932
,0.4,3849.84375,100.0
,3.3,3852.125,93.89929236235314
,5.5,3894.421875,90.33072417763648
,0.0,3867.21875,99.9039657152547
,0.8,3813.546875,99.89779835470696
,5.0,3841.28125,94.30372392547933
,4.5,3894.078125,87.93407011508715
,5.8,3915.578125,91.13113137196609
,0.5,3886.765625,81.13933886157089
,0.5,3861.078125,100.0
,0.2,3854.46875,99.92524792366927
,4.0,3834.34375,95.12913354946294
,3.3,3881.078125,90.33118211082936
,0.7,3848.96875,99.92670874995915
,1.3,3864.625,99.12378430738997
,2.7,3871.953125,96.72949435942533
,2.3,3840.390625,96.31009212898152
,8.8,3874.21875,68.74177653633546
,0.8,3892.078125,90.73130415537307
,2.0,3882.703125,98.32330723638353
,0.3,3882.34375,91.53022630751714
,0.2,3859.265625,99.1294284724019
,0.5,3836.53125,99.90069990200367
,10.0,3878.234375,77.94007228407325
,0.3,3881.640625,60.7376576648409
,1.4,3864.703125,100.0
,1.0,3893.953125,98.32547243307779
,0.0,3862.078125,99.9221378903925
,3.2,3837.0,93.33544617152373
,8.0,3875.71875,80.72721941235082
,1.0,3875.59375,100.0
,3.0,3849.546875,90.32553607052152
,4.3,3910.234375,90.3313711068228
,0.3,3851.359375,99.90215812839241
,3.5,3908.140625,93.92636812099688
,0.7,3878.5,92.72827412301888
,0.0,3813.109375,99.52503494831943
,2.0,3825.046875,98.72511462594092
,4.5,3876.890625,91.52249683837151
,3.8,3879.578125,92.70581367283626
,0.7,3857.046875,100.0
,1.5,3818.6875,98.69989568937699
,3.3,3844.296875,92.30492022222221
,6.0,3884.71875,81.92904894151529
,1.0,3836.921875,100.0
,3.7,3911.234375,97.52527163959657
,1.2,3883.40625,85.13325664393953
,0.7,3854.09375,99.92240404395632
,0.2,3802.875,99.89454214530934
,5.7,3843.078125,100.0
,1.7,3890.578125,98.69680261869391
,4.0,3874.078125,88.32969883426507
,0.5,3886.578125,69.54524299430352
,0.5,3870.125,99.92713592795536
,3.8,3824.453125,95.12771474523318
,7.9,3861.390625,84.33057357563769
,11.0,3897.15625,59.14047139198505
,0.7,3863.296875,98.30096847001457
,0.0,3805.71875,99.49768254546711
,5.3,3833.015625,91.93003388359696
,5.5,3877.609375,87.52966293016813
,1.5,3837.640625,97.12409333625111
,2.5,3860.84375,99.52292068365844
,2.7,3886.640625,90.33254290804089
,0.0,3855.875,99.89788888028663
,1.8,3814.21875,99.50620367248806
,4.5,3852.75,87.53184453748548
,2.3,3881.390625,99.92611153455289
,0.8,3842.46875,99.9238704130218
,3.5,3902.8125,98.32617827230747
,0.3,3881.578125,99.125137933277
,3.0,3872.390625,100.0
,1.3,3893.359375,91.10637917795046
,0.5,3878.421875,99.89864283276079
,0.5,3834.828125,99.89911238583649
,3.5,3879.609375,99.5012534628279
,1.0,3871.34375,100.0
,0.8,3817.46875,99.89668204094745
,4.0,3852.953125,99.8985708944966
,2.5,3886.859375,89.90658975403379
,0.5,3841.421875,99.89642517892563
,10.5,3873.546875,71.14339973538605
,0.5,3870.421875,99.12353480756674
,1.5,3850.859375,99.51217991361844
,2.8,3898.484375,78.73875684025272
,0.0,3829.390625,85.1346286942399
,0.5,3834.96875,99.89917147529563
,9.8,3871.640625,67.14881104752459
,1.0,3864.015625,100.0
,0.5,3838.203125,99.83444582314527
,4.3,3846.015625,91.92785988133419
,2.3,3873.4375,87.93336234173033
,1.7,3844.1875,100.0
,2.8,3882.109375,98.69954144000089
,1.5,3846.6875,99.75865120961946
,2.8,3891.484375,100.0
,0.3,3832.859375,82.71381774680768
,4.0,3858.5,87.53007433032194
,1.8,3892.5,84.73230151237789
,0.3,3851.765625,100.0
,2.5,3882.109375,99.92349317519846
,0.3,3851.875,99.92424584036492
,1.3,3806.5,100.0
,4.5,3848.625,99.90258509651042
,2.0,3890.765625,99.9228552459483
,0.5,3866.21875,99.52444563296424
,3.0,3882.140625,92.32587716895483
,0.0,3834.0,99.92253176283513
,7.0,3877.484375,87.12919890273324
,1.0,3889.65625,71.5453111140189
,0.0,3849.65625,99.92376686819729
,4.8,3889.171875,87.13202682467129
,0.7,3865.625,99.92392402207902
,0.5,3817.15625,99.89896079369397
,7.0,3843.09375,85.53309208060192
,1.5,3881.296875,99.92514807245702
,0.3,3862.109375,99.9237742376804
,2.3,3818.75,95.90869962669063
,5.8,3863.015625,87.53094892740181
,1.3,3883.40625,86.32756859263266
,1.5,3848.28125,100.0
,10.8,3879.078125,65.94830220251784
,0.0,3862.546875,99.92360229885604
,1.5,3819.890625,99.99772763809854
,7.9,3856.484375,83.1230029147958
,3.0,3885.09375,89.93067460566454
,0.0,3857.984375,100.0
,0.3,3802.21875,99.89732893016017
,2.2,3832.828125,99.92223401609027
,5.8,3876.328125,85.13428526653213
,1.0,3865.578125,100.0
,2.7,3828.90625,99.92196414395363
,7.5,3869.75,80.73265944554991
,2.0,3843.6875,95.50095070715302
,3.5,3906.515625,99.90022684851019
,0.5,3849.5,99.89849314738056
,5.8,3911.34375,87.12918443004405
,0.5,3891.09375,96.72653920364819
,1.0,3851.578125,99.92197153641759
,2.2,3890.75,90.72656128521518
,0.5,3876.09375,100.0
,0.7,3809.828125,99.89682435539072
,9.7,3851.0,78.33732535803249
,2.0,3897.046875,79.13966725404158
,0.0,3869.0625,88.33082177626268
,0.5,3810.890625,99.9226167307084
,5.0,3835.78125,92.72901879605368
,4.8,3875.171875,89.91187585163192
,2.3,3864.640625,99.90164242065156
,4.0,3899.265625,79.53862521458905
,0.7,3847.140625,94.72817264875772
,3.2,3873.5625,91.53063286980547
,2.7,3875.84375,98.72426506292268
,0.3,3823.921875,99.12570290821284
,5.7,3846.546875,89.92978425799365
,6.5,3886.0625,83.93530721458117
,1.5,3877.09375,99.92304385047196
,2.2,3900.859375,72.7455724153315
,4.0,3875.84375,97.92086310727812
,0.8,3893.75,90.70564536853004
,0.7,3863.75,99.89422418926924
,3.5,3834.203125,99.50069215523024
,11.3,3862.40625,64.34758258446679
,1.3,3884.90625,99.52178265180581
,0.5,3817.15625,97.12642080519026
,3.2,3828.484375,96.32188594394758
,2.0,3883.328125,100.0
,0.5,3874.65625,98.29939539861843
,1.5,3811.609375,100.0
,7.2,3851.515625,91.52864106425453
,1.8,3899.390625,90.7297494163741
,0.5,3870.546875,99.92317147799714
,1.0,3841.6875,99.92395726623273
,3.0,3911.921875,94.32673377062963
,0.7,3887.5625,99.50016751320412
,4.2,3877.28125,87.13201559443236
,0.5,3891.28125,97.52539073685422
,0.0,3824.75,99.92335817742867
,5.2,3843.40625,90.7305217553467
,2.8,3894.71875,97.52543398313941
,0.3,3875.109375,90.30780856638273
,1.0,3817.21875,99.89651939636593
,4.8,3830.546875,88.33066483597858
,5.5,3874.4375,91.93003728426541
,1.8,3868.6875,99.92271478683585
,0.5,3813.59375,99.92525171313714
,2.8,3857.515625,99.9254975409488
,3.8,3894.609375,73.52459185118644
,1.0,3861.3125,100.0
,2.0,3896.5625,97.89984238761284
,0.5,3880.359375,99.89773547949076
,0.5,3809.296875,99.89524435090215
,5.5,3845.046875,100.0
,3.5,3901.984375,99.09748848581029
,0.5,3878.046875,99.89581357148833
,0.5,3853.375,99.89534593140554
,5.5,3833.40625,92.72097539419735
,1.8,3832.890625,99.52198482114814
,4.0,3874.65625,99.92322508630441
,1.0,3884.15625,93.10250725439596
,1.8,3863.78125,100.0
,3.0,3882.109375,98.69746004958019
,0.0,3829.734375,99.89630133728303
,0.3,3835.484375,99.90093094650885
,3.5,3882.34375,100.0
,0.7,3843.6875,99.89505773327875
,4.0,3877.375,88.3305013819401
,1.0,3850.8125,99.9236152012216
,3.0,3901.375,91.1300403887034
,0.5,3847.21875,100.0
,2.3,3900.546875,95.1290948618865
,0.0,3872.453125,91.9084687182922
,0.3,3812.4375,99.89776872945664
,2.2,3836.875,99.92195305525976
,4.3,3891.328125,94.72559599555015
,0.0,3866.65625,99.9242604864823
,3.5,3840.890625,99.9230827198768
,2.0,3897.53125,99.12621104061229
,0.7,3846.359375,99.1001485834134
,3.0,3907.46875,98.30028830325881
,0.0,3882.640625,83.11502502837646
,0.3,3856.96875,99.89664514381595
,3.8,3832.859375,95.88813163336803
,8.0,3876.546875,80.33365732335709
,0.5,3883.21875,70.34561847561743
,0.5,3852.921875,99.9220343259118
,1.5,3806.1875,99.90793793743748
,7.7,3825.625,77.53408835630403
,8.5,3861.21875,77.53948718182941
,1.5,3876.8125,99.12312761751285
,3.3,3841.171875,92.72777481175599
,5.3,3906.015625,87.53148341991856
,0.2,3890.6875,96.72425368054866
,3.3,3880.109375,96.30783812358041
,1.0,3886.03125,82.3124996709003
,0.7,3858.484375,99.89248721152163
,1.0,3821.375,100.0
,8.0,3863.921875,85.52856894251302
,2.8,3901.34375,81.53503874602708
,0.7,3874.640625,95.52296722397348
,0.3,3809.890625,99.92100076183189
,1.7,3813.046875,99.52245299713681
,3.0,3853.34375,98.29997367101444
,2.2,3876.640625,99.89725309026718
,0.2,3812.78125,99.89731972899054
,5.5,3851.921875,89.13067728374168
,4.5,3900.53125,84.3352487487205
,0.7,3870.78125,93.12874393421716
,0.3,3813.125,98.72434921926435
,3.5,3841.75,99.92262600627978
,3.0,3904.15625,97.09970785316897
,1.0,3877.34375,99.4946253318035
,0.5,3851.40625,99.09465069410754
,0.5,3813.1875,99.89549014726464
,9.5,3855.109375,79.1372539612272
,5.0,3901.3125,78.73874810230666
,0.3,3880.9375,88.33243822993644
,0.5,3850.1875,99.92339332749306
,1.5,3808.75,99.91862128155464
,3.3,3840.828125,97.09286996336083
,6.4,3882.5,87.93165054539351
,0.3,3861.78125,99.12433632934771
,1.7,3811.8125,99.92334708842539
,5.2,3843.5625,90.33179065007137
,3.3,3892.328125,89.12857611085526
,1.8,3848.609375,94.30865968781737
,2.7,3903.796875,93.12584203721286
,0.3,3849.71875,97.52530224772283
,3.0,3872.4375,92.30318023272356
,4.2,3886.3125,89.13258225776991
,0.2,3840.59375,99.9239516867928
,4.2,3903.59375,99.89860042727922
,0.3,3877.328125,98.70079591342872
,0.0,3838.484375,100.0
,3.8,3867.984375,88.33406631328762
,1.8,3885.90625,99.12856081423081
,1.2,3821.328125,99.12281712494948
,6.3,3870.78125,95.52554253266536
,1.8,3893.296875,95.12865179399728
,0.8,3872.84375,99.10020489539258
,0.5,3889.328125,97.09979243204717
,1.0,3859.75,100.0
,2.0,3830.328125,98.01812657273673
,5.3,3870.6875,89.12694666122933
,0.8,3879.671875,97.93190452110258
,0.5,3854.34375,99.12729429581896
,3.0,3834.78125,99.92617972294875
,2.0,3906.625,100.0
,0.5,3882.515625,77.92857449746006
,0.3,3856.25,99.90415794339135
,1.0,3814.921875,99.90697552295144
,6.0,3841.875,81.13738335807147
,3.0,3878.015625,98.72385399892387
,0.3,3823.234375,99.92516144018633
,4.0,3856.390625,94.73008976422203
,4.3,3845.15625,89.53191536907806
,5.8,3906.125,86.72270595728617
,1.0,3849.546875,85.51275543971306
,8.0,3876.5,76.33929559635155
,0.5,3887.203125,99.52470408709677
,2.0,3864.453125,99.12464397177497
,1.3,3889.8125,92.72783836604711
,0.2,3826.859375,100.0
,0.3,3836.21875,99.90037056725525
,4.3,3881.6875,87.90428339767861
,0.3,3817.546875,99.92418741867279
,3.5,3836.875,97.10959728563599
,2.5,3908.1875,99.12474378301172
,0.0,3891.671875,99.92555956767681
,4.7,3868.625,86.31230608956139
,3.0,3890.328125,93.52702452071507
,0.5,3854.6875,100.0
,1.8,3822.28125,99.92561587536541
,5.0,3871.28125,90.73273509681103
,4.5,3906.65625,71.54637657360067
,0.7,3854.546875,93.51080238184247
,4.7,3901.125,92.73007149392284
,0.3,3845.46875,99.9274646719719
,0.5,3855.515625,99.92400199476535
,2.2,3878.859375,98.32759675271079
,0.3,3855.78125,99.9276220234802
,0.5,3842.390625,100.0
,5.3,3859.78125,89.11937564951208
,5.8,3899.078125,81.53711189261963
,2.8,3883.875,91.92932693500346
,0.0,3891.6875,95.92311503899717
,1.8,3881.671875,100.0
,1.3,3895.734375,99.89416092357737
,0.7,3820.375,99.93425819573481
,5.3,3862.109375,94.32690683007478
,4.0,3897.8125,74.74214576263927
,0.5,3869.515625,96.32592825098884
,0.2,3805.5625,99.92517083247131
,3.0,3831.640625,99.92536386291745
,6.0,3871.9375,90.32589058610782
,0.5,3884.046875,99.92215913799151
,0.0,3830.90625,100.0
,7.2,3855.046875,83.93669141658442
,4.0,3885.40625,91.13018816402334
,1.0,3854.6875,99.90290508099633
,5.7,3909.8125,83.13736389117612
,0.5,3894.8125,53.16455258957775
,1.3,3844.421875,99.51602130045988
,4.2,3896.140625,92.33053043137338
,0.8,3857.0625,99.12036927375799
,3.0,3888.84375,93.90293768640223
,0.5,3824.859375,100.0
,3.0,3852.96875,94.704389006273
,5.5,3903.0,76.74035763672927
,0.3,3876.5,99.9292164211674
,1.0,3830.40625,100.0
,3.5,3864.25,93.52482613212361
,7.7,3883.234375,65.94908731614673
,0.3,3820.71875,99.89781840694519
,2.8,3844.453125,99.89782461082586
,3.5,3886.234375,100.0
,0.2,3843.765625,98.70063353533172
,3.2,3881.90625,99.5001666106089
,2.2,3863.46875,99.91199879542293
,4.5,3908.015625,88.73322000641227
,0.3,3850.96875,99.52598461491037
,5.3,3905.046875,87.93437948820848
,0.7,3884.25,99.92382329010357
,0.5,3861.171875,99.92387208685099
,0.7,3807.71875,100.0
,5.0,3838.78125,90.83568983181391
,6.5,3881.03125,84.73308737925197
,0.0,3875.203125,85.93319390593405
,0.0,3847.703125,99.12448509982129
,5.0,3830.65625,87.93114858794752
,9.8,3867.8125,71.9398471267306
,3.2,3895.796875,81.9353031630697
,0.3,3877.75,96.32528104313116
,0.5,3798.859375,99.52178126259442
,3.0,3820.78125,97.52589914405993
,8.3,3858.453125,74.7398244992097
,2.8,3892.765625,93.52953801151791
,0.7,3867.234375,99.92350617052567
,0.3,3844.453125,99.92261203480575
,3.8,3826.859375,94.72845651077523
,3.2,3879.984375,97.87602388329898
,8.5,3878.25,64.74800314352231
,0.0,3855.078125,99.92301100212889
,1.5,3815.359375,99.91800500901451
,2.5,3869.046875,96.32665937326304
,3.2,3877.0,89.53125871024572
,0.3,3819.15625,99.90138204754531
,4.2,3841.109375,99.10947488544343
,6.5,3877.515625,84.05732628048833
,2.5,3834.1875,85.52849671626691
,0.7,3842.796875,100.0
,9.8,3875.953125,73.142964725391
,4.2,3862.75,93.92750438497262
,1.5,3901.421875,93.503203331793
,0.7,3849.78125,94.70131309382923
,3.3,3898.421875,90.73002329768038
,0.5,3874.15625,99.52466590470941
,0.2,3865.140625,99.92309018224805
,5.8,3837.765625,93.52679835842761
,11.5,3863.9375,65.54683621217583
,1.8,3893.609375,98.69443751011141
,3.0,3857.390625,93.52413564846417
,0.8,3886.3125,99.92185751126983
,0.3,3842.0,99.9213498991115
,3.8,3888.5,91.12530769762108
,0.7,3832.109375,99.92210041653092
,5.2,3864.703125,92.70301550350794
,2.0,3895.71875,86.33061642962011
,0.5,3863.484375,97.52347450659299
,2.7,3892.671875,83.53508453738175
,0.3,3829.5625,99.52328387946146
,5.5,3872.140625,95.92562444438146
,1.3,3894.78125,99.89783378885298
,0.0,3868.65625,99.89495915057016
,0.2,3848.71875,100.0
,2.0,3808.78125,98.71992027327595
,9.5,3842.453125,71.54522777151288
,7.5,3884.78125,81.13669713915063
,0.5,3871.1875,100.0
,2.5,3836.125,99.73599970457688
,2.5,3885.15625,99.90357384821935
,1.5,3880.578125,67.5296680620111
,0.0,3841.078125,99.09936944240916
,4.3,3885.84375,99.89856808295802
,0.3,3872.1875,99.89458454734563
,0.3,3815.4375,99.89704889936304
,7.7,3854.40625,91.12999968166933
,8.1,3900.4375,75.94152373275583
,0.9,3877.5,99.9527338718773
,1.2,3893.5625,96.72656073980053
,0.7,3867.78125,100.0
,1.5,3817.109375,99.90036747677506
,5.3,3864.765625,98.72435739603446
,4.2,3890.921875,71.54646169987865
,0.3,3858.640625,99.52409486270025
,4.5,3805.859375,98.72114322586945
,9.8,3841.53125,95.0441158853098
,11.0,3866.75,63.551489927555735
,3.0,3890.5625,84.73284642925508
,3.2,3873.875,98.32496125212813
,0.3,3891.8125,93.52681049988111
,0.2,3857.546875,99.70224114518187
,0.5,3806.09375,99.49684792501112
,11.0,3825.25,69.94555606540834
,4.0,3868.109375,89.53131317975554
,1.0,3876.84375,93.92868156316638
,0.0,3831.25,95.1290764034086
,4.3,3877.40625,91.12898820835763
,1.5,3891.328125,99.49695845095839
,0.3,3823.3125,100.0
,7.2,3871.046875,91.10091981536326
,0.3,3883.703125,79.93894416103812
,0.5,3860.734375,99.52264204856301
,1.0,3844.296875,99.9251908027069
,12.3,3875.59375,59.9465880068642
,3.5,3848.515625,86.31073701733267
,4.3,3870.984375,91.87836736789183
,9.5,3887.65625,73.1433354861352
,1.5,3845.8125,100.0
,6.3,3911.234375,81.93903883685348
,0.0,3883.203125,77.94101377348251
,0.5,3826.71875,99.90612530332534
,4.0,3859.21875,97.10279572138538
,2.3,3848.296875,100.0
,1.0,3908.125,99.89580058336313
,0.7,3874.203125,82.31858872994552
,0.3,3858.46875,99.89960947838142
,7.9,3849.71875,87.13291280639707
,4.0,3908.359375,91.53183211330786
,0.2,3897.0625,91.5331100774435
,0.3,3847.59375,99.9256733920377
,3.3,3827.203125,99.92467957648854
,1.3,3878.96875,100.0
,4.2,3898.21875,77.14165860355891
,0.5,3870.796875,99.92477133644367
,0.3,3810.3125,99.12545489776758
,6.1,3857.453125,91.52977971497384
,5.5,3905.0625,80.33923911109012
,0.3,3880.53125,93.5049247530349
,0.7,3851.671875,99.89791852884376
,2.0,3812.09375,99.09811830616655
,4.3,3857.203125,99.50432788740167
,4.8,3884.109375,92.72629343466669
,0.2,3816.828125,99.52585663474352
,8.3,3847.09375,80.738839346537
,4.2,3912.34375,89.13339580281445
,0.7,3852.078125,79.53875872658723
,4.5,3873.390625,89.13224799752405
,1.0,3896.671875,67.54633389540575
,0.2,3870.046875,99.92529865141631
,1.0,3826.71875,99.92413478573845
,3.0,3877.015625,100.0
,1.5,3882.890625,91.10216429081937
,0.8,3836.234375,99.09691235413439
,6.8,3848.40625,77.13848190655513
,9.0,3883.75,73.14437970458907
,1.0,3843.859375,100.0
,8.8,3878.046875,70.34672740170224
,1.0,3893.453125,94.32794072316418
,2.5,3880.0625,98.70423802777583
,1.3,3881.265625,99.49440190702038
,1.7,3831.734375,99.8945831533055
,4.3,3876.5625,98.2998112684284
,2.3,3898.390625,99.89762520408094
,1.0,3877.765625,100.0
,0.5,3895.5,97.89993549745103
,0.7,3841.765625,99.8957766517638
,4.7,3859.078125,85.13424349447153
,2.8,3866.734375,99.52425238368991
,2.2,3911.65625,95.12908364072462
,0.3,3856.5625,95.92691769436686
,1.8,3913.40625,99.92537513835498
,1.2,3890.75,83.51626884859175
,0.5,3824.078125,98.29718585346706
,2.7,3843.984375,100.0
,7.8,3883.546875,99.92576954778643
,1.8,3858.15625,99.52574701710945
,1.0,3898.703125,79.94007436076289
,0.3,3870.265625,97.12408043404783
,1.3,3810.953125,100.0
,4.5,3830.8125,89.50145835240023
,6.0,3875.21875,89.92647538637584
,1.0,3881.65625,97.31079214005699
,0.8,3913.421875,99.9247296992098
,0.7,3896.21875,97.5256672097006
,0.0,3862.75,99.89931737520725
,6.3,3841.265625,83.92246050761202
,14.3,3864.359375,49.5606136900002
,0.3,3900.59375,71.54666502832563
,0.3,3876.234375,94.32942565643303
,0.2,3845.046875,100.0
,4.3,3814.28125,89.13150085126554
,7.7,3856.421875,81.53916061556895
,0.3,3892.578125,92.33099670496665
,0.7,3865.453125,99.52414188971404
,1.0,3809.640625,99.92357774949943
,5.3,3835.46875,92.30584802731642
,4.2,3881.796875,99.90110080893575
,0.7,3878.5,99.49750872387058
,0.3,3814.265625,99.89585627665369
,2.5,3835.703125,100.0
,3.0,3884.859375,99.92550365527426
,0.0,3868.84375,99.92359651022825
,0.5,3813.953125,99.52498792046167
,5.3,3858.875,95.52572999206055
,2.5,3896.890625,91.50699556565378
,1.0,3880.234375,99.85988234143996
,0.7,3879.609375,65.7546542729728
,0.4,3808.53125,100.0
,4.5,3836.890625,99.10357114491212
,4.7,3892.453125,99.90320317732026
,0.7,3868.40625,96.7012101470485
,0.7,3838.125,99.10022667798049
,4.2,3817.859375,99.91203465800172
,2.5,3871.53125,99.89930050572602
,0.8,3878.328125,99.89714121269414
,0.0,3851.796875,99.8981310649014
,0.3,3797.0,99.8980195106602
,8.0,3839.09375,82.33626852070876
,4.3,3891.140625,83.53597042616798
,0.5,3859.125,96.32839244900319
,0.2,3837.5625,73.89261342260215
,1.3,3817.421875,100.0
,8.8,3854.5625,72.74526029069838
,4.7,3859.484375,90.73131375998982
,1.5,3890.890625,69.54478150878538
,1.5,3847.421875,99.89869832009734
,2.0,3885.0,88.73044075458843
,0.5,3855.203125,99.49842106838707
,0.7,3814.0625,98.76778957465872
,3.5,3826.90625,99.90031089546093
,1.3,3878.203125,99.92453239359347
,0.3,3851.0,99.91937875489096
,1.3,3800.453125,93.59655416389202
,6.8,3843.8125,87.92769021456614
,9.5,3891.078125,67.1475169604101
,1.5,3849.328125,98.72389630640879
,2.0,3883.390625,99.52151157108968
,0.5,3818.359375,100.0
,5.0,3856.4375,90.33073918280841
,2.8,3893.640625,81.91449543468741
,0.0,3829.796875,97.89745046592247
,3.2,3843.15625,98.30682627790058
,3.7,3878.4375,91.9287282807696
,0.2,3824.953125,99.92496524877555
,7.5,3867.0,83.53480334163403
,0.3,3887.546875,98.32484541019572
,2.7,3907.578125,100.0
,0.0,3887.3125,99.09839540661001
,0.3,3816.359375,99.89571995947719
,5.7,3833.796875,84.5852156265494
,10.0,3871.359375,71.92935508849382
,3.2,3844.390625,63.949803950062986
,1.5,3864.453125,99.92388487304805
,2.8,3872.203125,91.92815502066722
,0.5,3818.734375,99.90345400904776
,6.0,3853.1875,85.70250977686487
,4.5,3898.453125,82.33577670414977
,1.5,3841.421875,79.14051665029605
,0.0,3853.765625,100.0
,4.0,3885.203125,90.32936738604192
,0.0,3857.359375,99.89883325124373
,5.5,3844.625,94.30510851116507
,4.5,3915.84375,89.93114260231624
,0.5,3855.296875,91.13093713996619
,5.5,3887.859375,85.12284117565547
,0.5,3888.09375,81.93652164315446
,0.0,3858.78125,99.12628027414145
,1.0,3814.484375,98.38711150567087
,5.3,3860.25,94.72300024463955
,0.5,3895.671875,99.52266432264241
,0.3,3860.75,99.9240799908211
,4.0,3840.703125,91.53064639213096
,4.7,3885.078125,99.92169157666751
,0.8,3882.90625,79.52263926903613
,1.5,3859.90625,99.89797020474089
,0.5,3805.1875,99.90178783979634
,4.8,3840.328125,100.0
,3.0,3904.78125,97.50120174535095
,0.3,3878.4375,89.11150442354867
,1.0,3831.109375,99.90712323512645
,4.0,3855.25,87.52777751948163
,3.2,3864.765625,99.89358047679269
,2.2,3908.046875,90.73195075115522
,0.0,3856.890625,97.52807403047309
,2.7,3888.078125,99.92499740095894
,0.8,3854.421875,99.89634613399936
,8.0,3919.109375,77.93821597317017
,1.0,3895.421875,96.725401694365
,2.3,3911.703125,97.1266942057144
,0.5,3884.234375,83.93700293325904
,1.5,3831.484375,100.0
,3.3,3886.734375,99.90607868516872
,0.8,3889.40625,93.50446527055293
,1.1,3863.828125,97.65685184231248
,3.0,3896.921875,92.29803558210882
,1.2,3851.375,100.0
,4.0,3916.59375,91.13048594228962
,0.3,3887.609375,95.52864478584453
,0.2,3859.5625,99.89953853788623
,1.8,3830.5,99.89741452900122
,6.5,3872.390625,86.73273660478857
,0.8,3872.4375,99.92352951097872
,0.3,3821.578125,99.92522255981508
,3.8,3868.125,99.92425860340983
,3.8,3884.828125,90.33366383643104
,1.0,3819.5,100.0
,6.6,3858.921875,92.10742528034243
,2.7,3902.484375,81.53948457882608
,0.0,3848.96875,86.73806104020066
,4.7,3902.75,91.93374583086542
,0.5,3855.484375,99.53021708384514
,1.8,3898.765625,95.9034643337864
,0.7,3865.1875,100.0
,1.5,3832.125,99.50998288524686
,4.8,3882.453125,99.904853707604
,0.5,3881.828125,93.50618506356597
,0.5,3873.84375,100.0
,3.5,3899.125,87.53341316186165
,0.5,3848.78125,99.92442157080889
,3.0,3886.65625,95.52735755278717
,0.5,3878.75,95.12686874143836
,1.7,3817.296875,86.7347443264688
,5.0,3860.15625,100.0
,5.5,3900.875,67.54610085208485
,0.0,3873.140625,99.92286284776853
,0.2,3851.078125,100.0
,6.0,3836.75,89.52719809599266
,11.8,3864.03125,59.95235992868072
,4.8,3898.328125,81.13959384226763
,0.5,3875.25,99.12295620526822
,0.5,3819.9375,100.0
,9.0,3847.703125,87.13459678083396
,3.7,3893.25,87.134314063031
,0.3,3863.203125,99.0992307509707
,0.3,3804.296875,99.88555272739508
,7.0,3855.71875,97.50248911802174
,3.2,3886.34375,93.50550586010468
,1.5,3862.90625,99.91214526737481
,2.0,3797.953125,99.92280491588329
,3.8,3818.265625,92.32962618851131
,3.7,3868.015625,99.1244338799256
,1.0,3869.484375,99.5240732826182
,0.7,3807.0625,99.92397484147259
,4.7,3850.90625,99.50697560675951
,2.2,3892.609375,100.0
,0.5,3868.953125,99.89649114273263
,0.2,3807.796875,99.8981962409481
,6.6,3838.140625,81.93187472028937
,7.8,3875.921875,76.34059060682333
,1.0,3844.40625,97.92572529119958
,1.8,3902.015625,62.76788627745679
,0.2,3861.65625,100.0
,2.0,3816.640625,99.89126468138389
,5.0,3857.078125,97.10000436545614
,2.2,3891.46875,86.70358951737802
,1.0,3858.90625,99.0958320446287
,0.5,3808.734375,100.0
,5.5,3856.859375,88.73050183721656
,3.2,3897.0625,96.72616426909919
,0.5,3840.453125,99.12348757823793
,2.3,3865.03125,96.72640841167296
,1.2,3839.078125,99.12298392452281
,2.0,3865.796875,99.90401263353847
,6.0,3872.703125,85.53244484545903
,2.0,3892.453125,90.72994205133078
,1.8,3863.46875,98.32498746757962
,1.0,3889.359375,99.92296659994435
,0.3,3859.96875,99.92473179153228
,2.3,3843.890625,99.49987417062115
,6.3,3909.4375,87.13035061178165
,0.3,3883.515625,91.93106650064662
,0.5,3868.640625,99.92335220285007
,3.0,3830.53125,99.92497133978773
,3.8,3904.984375,90.73277345317283
,0.3,3880.234375,95.5053552289775
,0.7,3854.359375,99.89447309396073
,4.3,3814.140625,90.32824746789889
,3.5,3863.046875,99.52524679420317
,1.5,3876.984375,94.3277946310629
,0.2,3834.34375,99.92401357211556
,2.8,3842.234375,99.91790414950334
,1.5,3898.296875,81.51577090610247
,0.3,3867.8125,99.89820053954952
,3.5,3900.953125,87.53040684580013
,0.3,3868.34375,99.92466179176883
,1.3,3849.46875,100.0
,0.5,3805.171875,99.5263728643382
,3.0,3831.546875,99.9236876870057
,4.5,3876.640625,93.50909979773887
,0.8,3874.4375,94.30154448577173
,0.5,3810.453125,99.89472392832016
,2.2,3822.0625,99.92347111337165
,5.0,3866.78125,91.1308999940651
,0.8,3868.546875,99.92359953240332
,0.3,3816.203125,99.92484900822728
,5.2,3846.34375,95.9266616661303
,9.0,3883.078125,75.94083564459645
,0.3,3852.75,88.73107910213778
,2.5,3904.953125,99.92418872054819
,0.2,3884.5,99.92503503973066
,0.5,3857.03125,99.12281504947099
,3.2,3827.796875,99.09996047005745
,7.2,3868.015625,83.93495620634722
,2.0,3884.359375,98.3251354273009
,0.3,3853.171875,99.9252728923156
,2.5,3818.65625,99.11836669163732
,10.9,3848.515625,70.74395069761012
,12.0,3879.859375,58.35251879849485
,0.5,3877.734375,96.72538553701114
,0.3,3854.453125,99.92278538829666
,1.7,3814.578125,100.0
,3.0,3869.125,99.12329017488986
,3.0,3878.78125,96.70143270616957
,2.0,3849.953125,99.52171661800027
,0.2,3813.15625,99.92613150516448
,2.3,3864.328125,100.0
,5.2,3869.953125,99.92140431909104
,1.8,3819.140625,99.92348038910166
,8.5,3862.109375,79.140166317242
,3.8,3893.46875,85.13437748607704
,1.3,3865.109375,100.0
,1.3,3892.21875,69.94503320790028
,0.0,3868.546875,99.92225007967714
,0.5,3850.234375,99.49723439662725
,3.0,3817.359375,99.89694132074041
,8.7,3853.375,78.33865017388936
,2.0,3875.4375,99.92393641307919
,0.3,3848.9375,99.92368068949598
,2.0,3808.953125,99.92260045778029
,2.3,3856.03125,99.9241512683961
,2.3,3839.015625,99.89771094284248
,5.0,3862.4375,86.33217821081286
,2.0,3899.453125,68.74742712164047
,1.0,3844.09375,89.53187054308395
,3.7,3868.78125,92.67047975216033
,1.5,3868.171875,96.32538009584763
,0.5,3813.640625,99.89805922031675
,7.0,3858.78125,85.53269776068812
,2.5,3892.421875,92.32807356137923
,2.5,3846.578125,97.92469424233141
,0.7,3893.78125,87.13471152270002
,0.7,3863.53125,99.92294751399128
,0.3,3816.546875,99.9006714601109
,6.5,3863.0625,88.72941912448995
,0.8,3889.28125,100.0
,0.3,3824.828125,99.92481864624064
,2.2,3868.0,100.0
,1.0,3891.703125,81.1391185604455
,0.5,3860.0,99.89843436078918
,3.2,3819.65625,99.5112847939835
,1.8,3871.390625,100.0
,0.5,3869.515625,99.90050650209956
,0.3,3805.640625,99.89912925525418
,5.3,3825.625,88.73095666701413
,1.8,3875.59375,100.0
,0.8,3877.046875,99.12522667575018
,0.3,3852.828125,99.92542196050834
,1.5,3820.15625,99.92483533835659
,3.5,3865.3125,99.90010039494585
,4.2,3888.78125,95.12689687050178
,0.5,3875.765625,99.92564763274378
,3.8,3854.796875,99.92510903870793
,1.5,3844.96875,97.65413343207753
,2.9,3885.703125,99.8953195836522
,0.3,3857.765625,99.49797786537819
,2.3,3827.890625,100.0
,5.0,3875.625,95.12656162449308
,1.7,3912.546875,95.92795704199466
,0.0,3846.515625,69.1483694736784
,0.0,3855.9375,100.0
,7.0,3847.359375,91.93159729793618
,2.8,3877.359375,93.50610676620857
,0.0,3846.015625,99.09984899922797
,4.5,3875.6875,88.33152999755195
,5.3,3837.6875,83.13014100084659
,6.2,3905.21875,85.93456960076409
,0.2,3892.359375,77.94222649526182
,1.3,3874.625,99.52419401079405
,0.5,3876.109375,92.71023211077569
,1.5,3852.09375,100.0
,2.5,3816.078125,99.9230728165447
,2.3,3866.046875,99.12552025580243
,0.7,3877.921875,97.52801875573994
,0.0,3848.25,99.92351526028249
,2.0,3812.71875,100.0
,13.2,3837.453125,59.54090034746903
,5.8,3876.234375,88.7320870423677
,0.5,3885.90625,98.7244132323856
,2.8,3867.109375,93.94068836677937
,2.2,3883.859375,94.32851511069188
,0.2,3845.625,99.92575894646657
,5.5,3894.84375,91.1283963198885
,0.5,3847.03125,99.9241882323449
,1.5,3902.5,90.33287660909788
,1.5,3862.75,97.12796184705206
,6.8,3904.4375,61.95321256318786
,0.0,3875.578125,75.9219517806909
,0.3,3842.8125,99.89814354244815
,2.5,3821.1875,99.92351075027506
,7.8,3860.078125,76.73738658618319
,8.8,3892.828125,68.34828031129442
,0.2,3867.5625,100.0
,0.5,3814.921875,99.92680051364107
,6.3,3842.921875,81.91502088191874
,5.0,3892.234375,89.13164244105167
,0.0,3862.4375,99.12621281642112
,0.5,3816.234375,100.0
,5.2,3868.3125,97.12703099280516
,0.5,3900.328125,87.13511342570038
,0.5,3863.03125,96.30316140006687
,5.2,3896.6875,85.53413170489276
,2.2,3840.765625,100.0
,4.8,3842.390625,83.89484108862959
,8.0,3882.609375,79.53884630996131
,0.8,3863.265625,98.32570530972001
,4.2,3860.875,100.0
,1.0,3903.09375,98.70029305501401
,0.3,3878.203125,99.8987138881635
,0.7,3812.234375,99.8964514343227
,1.5,3812.890625,95.50052493965941
,9.5,3835.109375,83.53680348933453
,3.0,3884.0625,91.93132932121645
,1.0,3882.484375,99.92313693251825
,0.5,3820.59375,99.92493746725992
,4.5,3869.421875,100.0
,2.5,3901.46875,98.69773138957815
,0.3,3879.65625,98.30041284431627
,3.5,3831.515625,100.0
,3.3,3885.25,99.8919514840313
,4.3,3892.640625,83.13613988639422
,5.0,3871.578125,93.92390998821892
,0.5,3900.96875,77.54133578660628
,0.3,3878.5625,100.0
,0.5,3839.296875,98.3244588835111
,2.2,3882.6875,99.89735446573827
,0.5,3858.75,99.89736515397321
,8.2,3913.375,86.99853564453812
,0.2,3850.328125,99.12097609436756
,2.5,3900.71875,90.72931260285915
,0.2,3868.984375,99.09088132880845
,0.5,3849.171875,100.0
,4.8,3911.0625,87.12889132871784
,1.3,3851.375,99.12324133151925
,1.8,3883.296875,99.88362898845973
,0.5,3853.515625,94.72575301450522
,2.5,3909.203125,100.0
,0.0,3882.390625,77.92060591773873
,2.2,3851.21875,99.89724019470862
,2.2,3909.453125,95.50148745326148
,0.5,3889.171875,98.29617416725962
,0.7,3833.046875,99.89844035562419
,3.8,3873.59375,89.52917383803197
,1.8,3892.96875,89.92996891659732
,0.0,3846.546875,100.0
,3.0,3860.140625,84.73412429007364
,3.0,3880.3125,97.1255892694077
,0.0,3821.953125,99.89786713182643
,8.3,3860.9375,79.53150951638331
,3.2,3901.703125,86.73171881873824
,1.0,3869.9375,99.92180418338994
,2.0,3899.15625,69.14609688255186
,0.0,3862.78125,83.53319792488809
,0.7,3823.328125,99.89895161545977
,8.5,3863.546875,81.53359610383285
,1.3,3902.734375,82.7359811264656
,0.3,3871.0,99.12346389440688
,0.0,3813.53125,98.72428194471007
,3.2,3836.40625,97.92690960255659
,10.2,3872.859375,67.13280939336612
,4.0,3888.5,83.93457651540504
,0.0,3864.09375,99.92417433017731
,0.3,3809.984375,99.92350286938677
,2.7,3837.953125,99.92395735922341
,4.8,3877.953125,99.90010081320409
,3.3,3887.5625,98.32410893731169
,1.0,3828.6875,99.92489373755825
,3.3,3878.125,99.52151793827439
,1.2,3894.4375,85.13248789679112
,0.5,3854.203125,100.0
,1.8,3826.21875,98.85526154415328
,5.2,3854.1875,93.90826168715701
,3.5,3889.09375,89.93037652396303
,2.8,3856.78125,90.33057996852116
,2.0,3891.6875,99.92436503198768
,0.3,3868.265625,99.92587179484221
,0.7,3852.1875,100.0
,0.0,3815.578125,99.89788888028663
,5.1,3857.25,97.50648133246446
,3.8,3871.03125,93.92646824608062
,0.3,3809.0625,99.92247515641154
,6.7,3844.21875,90.33134464775642
,2.5,3896.875,95.92778891923778
,0.3,3843.9375,99.9235465978711
,3.5,3902.171875,99.50071918709243
,0.5,3880.796875,100.0
,0.0,3851.1875,99.89635194270514
,2.0,3805.453125,99.90704528877954
,1.0,3844.5625,99.89466586642003
,13.7,3883.0625,56.752646671336926
,0.7,3834.890625,99.52429017213026
,4.5,3870.75,91.92945958060722
,4.5,3908.4375,90.33066598535719
,0.7,3883.78125,92.33046267967305
,3.5,3864.578125,96.70198453125315
,1.2,3886.09375,99.89813596762424
,1.3,3864.0625,99.89718749721733
,0.5,3795.546875,99.09899612660075
,2.8,3820.296875,100.0
,3.3,3872.046875,95.91374619926324
,24.7,3872.625,4.396459908722526
,7.5,3909.1875,77.93727819580182
,0.7,3885.359375,87.53301954950584
,0.8,3842.828125,99.50154859564014
,6.5,3900.125,87.53152400553155
,0.0,3833.84375,94.32910383608879
,0.5,3863.828125,99.92553590079774
,0.5,3874.984375,98.32536228601293
,8.7,3839.484375,77.94000499295835
,2.8,3910.046875,97.10187108615577
,0.5,3889.03125,80.71556948075668
,0.5,3867.109375,99.49723687283233
,1.0,3807.8125,100.0
,7.2,3845.0625,84.73140856404584
,2.5,3892.21875,97.12558199333472
,1.0,3875.46875,99.92388536124837
,0.5,3851.5,99.92480409295189
,1.5,3807.953125,100.0
,3.7,3861.609375,99.6589431755009
,1.2,3888.875,95.1018639161548
,0.3,3860.296875,99.89734050133043
,1.0,3808.875,99.73968419976369
,4.8,3848.890625,91.51726775998567
,2.0,3892.21875,98.725674953231
,0.2,3869.265625,99.92563724068583
,2.0,3823.96875,99.91909899563277
,1.8,3871.34375,100.0
,4.5,3898.59375,82.66606065707637
,1.2,3876.453125,99.92176224642236
,0.0,3809.640625,99.92259406484571
,2.8,3831.1875,99.92134750472675
,3.0,3878.96875,98.72501480359537
,1.0,3835.8125,89.90761138637205
,4.3,3867.921875,93.84591663574902
,8.5,3895.765625,61.94959428192456
,0.5,3880.984375,99.92195435707694
,0.0,3844.65625,99.12504164971826
,5.2,3824.3125,88.51826154088991
,5.0,3869.40625,98.69954368977828
,7.3,3895.34375,55.55665008996613
,0.5,3866.015625,100.0
,0.2,3808.0625,99.12416694233467
,3.7,3833.265625,98.72570752338346
,7.3,3873.109375,81.79300145667945
,1.8,3868.515625,83.11357245027347
,0.7,3840.265625,99.8952721856124
,2.5,3802.453125,99.90492667742492
,6.8,3847.671875,91.12793702753645
,2.3,3895.59375,99.12629632563305
,0.2,3873.4375,98.72424572352165
,0.3,3859.453125,99.92573839479148
,6.7,3828.375,93.1276306935105
,4.1,3878.171875,100.0
,0.5,3875.140625,99.52431802723056
,0.7,3834.34375,99.52592186360233
,1.5,3883.71875,99.92433708807089
,2.0,3833.90625,98.6895151091557
,3.3,3884.234375,99.49455745962189
,0.5,3892.53125,87.51153486324203
,2.0,3867.890625,99.9040153059532
,2.7,3893.859375,99.0972769647732
,0.5,3861.34375,100.0
,2.3,3820.421875,99.50780044391635
,6.2,3866.453125,88.72023696637493
,3.0,3888.96875,89.53394489631802
,0.2,3842.4375,100.0
,4.0,3869.828125,89.53222804829942
,3.0,3886.5,91.53144496174413
,0.2,3865.5625,99.92719384161349
,2.0,3839.984375,99.89599698555266
,4.3,3893.953125,100.0
,0.3,3869.46875,99.8989994120042
,3.3,3839.078125,99.50909555958853
,3.2,3919.90625,99.89843884529746
,0.5,3896.390625,84.31356931548282
,3.2,3877.359375,90.69775995514053
,2.5,3891.8125,80.33766367096146
,0.3,3828.75,99.92514058653018
,4.0,3864.671875,98.32568122134819
,2.0,3897.65625,99.92482206370681
,0.2,3874.890625,99.92813527927345
,0.7,3822.21875,99.50090635073981
,9.3,3842.65625,90.33158702515269
,3.0,3905.875,94.32768158940054
,0.3,3881.40625,95.92989405595347
,0.2,3855.90625,99.92507358521001
,1.3,3819.78125,99.92494946329323
,4.5,3862.578125,93.51002971210242
,8.3,3877.984375,64.13910345143088
,2.2,3863.71875,100.0
,3.0,3897.515625,80.34081356625563
,0.5,3855.453125,99.52589104370844
,4.5,3896.625,97.12709232156999
,0.3,3867.21875,99.89862168810521
,0.5,3843.515625,100.0
,7.5,3839.015625,87.1057610501775
,4.2,3911.9375,96.32582334804431
,0.5,3888.453125,97.12742348467995
,0.0,3858.78125,99.52489273028588
,0.5,3810.21875,99.52371934282257
,4.8,3859.9375,99.90120351672992
,2.3,3896.453125,97.90087350526736
,0.3,3874.546875,99.89585827482881
,0.3,3816.375,99.89698342275692
,2.7,3862.5625,99.89831381363953
,4.2,3894.1875,87.53217297317039
,0.3,3866.609375,99.12714392557378
,0.3,3803.53125,99.12554412511328
,3.3,3810.3125,98.72295039136482
,3.5,3853.421875,95.42646297841402
,2.0,3881.4375,99.9005095693516
,0.0,3863.390625,98.53922147837314
,3.3,3843.03125,88.89673386196885
,9.0,3877.703125,75.54083920047036
,0.8,3847.953125,99.52500801901878
,1.0,3855.90625,98.7207252748699
,3.8,3846.953125,94.32668854178218
,2.0,3874.5,99.89864473810383
,0.3,3850.40625,93.50488551840041
,4.8,3877.296875,87.93180291148869
,1.2,3881.890625,99.92337396240822
,0.8,3841.328125,99.9214396537528
,5.0,3908.359375,90.72964579573916
,0.3,3850.40625,92.73405364579934
,4.8,3913.203125,88.33518274857397
,0.2,3888.265625,88.33512022926058
,1.0,3869.28125,99.92613120293163
,1.3,3835.125,99.92448157363279
,3.8,3914.046875,99.52515171930764
,0.5,3851.0,80.71867729612654
,1.3,3869.5625,99.90233029551541
,2.0,3889.015625,99.494437590124
,0.8,3829.703125,99.89602212546043
,1.8,3860.703125,99.8979235012524
,3.8,3889.5625,88.73121406810651
,2.5,3915.578125,93.12781745592122
,0.7,3889.765625,94.7288656453283
,2.3,3877.8125,99.52385836218303
,0.8,3893.140625,94.72858819423755
,2.5,3856.453125,94.32967128074836
,1.8,3908.703125,77.94196418932037
,0.7,3877.265625,81.93698635299496
,0.3,3810.6875,99.92458681703961
,1.5,3817.125,99.92656886123503
,5.5,3860.015625,91.51056515946233
,3.0,3866.484375,99.89533877522425
,0.0,3818.796875,100.0
,4.3,3830.265625,92.70791435143367
,4.0,3880.125,92.72337506461356
,3.0,3892.359375,87.93534017088793
,4.7,3878.859375,89.53309737925028
,3.0,3896.09375,87.93452783341277
,0.5,3886.9375,99.90401042589164
,1.8,3831.78125,99.10380627503858
,8.3,3881.71875,87.53461251206389
,0.5,3890.859375,73.14634232989258
,1.2,3863.90625,99.92795065444747
,0.5,3810.375,99.92537093040788
,6.5,3835.03125,86.3343155686218
,5.0,3878.140625,89.53403811459279
,0.5,3894.4375,99.12570489156342
,0.7,3867.375,99.9256731828015
,3.8,3851.671875,91.5306172392799
,2.7,3917.0625,99.12504381753764
,0.3,3893.421875,99.88853408260516
,2.2,3875.265625,100.0
,1.8,3894.15625,88.70955563361352
,0.0,3870.015625,99.8206012811029
,3.3,3836.65625,100.0
,8.0,3880.625,83.13392016650442
,1.2,3894.0,94.72690842556966
,0.5,3869.859375,99.9254987498648
,1.3,3813.21875,99.12317616097789
,5.7,3857.671875,92.33087842835738
,13.6,3907.59375,68.33599309394282
,0.7,3847.96875,82.31594439302235
,8.3,3856.546875,71.0230126451435
,3.5,3887.6875,94.32500378165538
,0.0,3871.640625,95.1288830767354
,4.2,3843.1875,91.52747510096651
,7.8,3880.296875,77.54042770011183
,0.8,3886.796875,73.12769425870225
,0.5,3855.640625,99.49723756709545
,5.0,3836.078125,99.12339009870598
,4.6,3880.75,89.13192246997906
,0.7,3881.1875,79.53977152637721
,0.5,3858.0625,99.92593530994446
,3.3,3809.328125,88.73241428828078
,7.3,3856.34375,90.5524379748942
,6.0,3897.984375,75.13665700661653
,0.2,3877.34375,89.93427622148464
,0.3,3815.5625,99.92784810089415
,9.6,3844.703125,90.32771551020475
,2.5,3815.75,97.08150991217941
,3.5,3855.0625,97.88131165896652
,4.3,3878.078125,77.93999041413875
,0.5,3852.59375,99.92635757583413
,1.5,3813.203125,99.92347102038187
,4.8,3857.15625,88.30825346155787
,2.3,3888.40625,91.90407833042053
,0.0,3863.96875,99.8952696066027
,1.5,3848.046875,99.89459302775721
,3.8,3819.296875,100.0
,8.5,3855.109375,77.938441572555
,2.3,3885.078125,86.3343887017826
,0.5,3855.9375,99.9244325670591
,0.8,3808.15625,99.92071399639667
,3.0,3861.71875,100.0
,3.5,3894.734375,87.1124234391704
,0.3,3829.609375,99.8956095026413
,4.3,3852.203125,92.72794027745478
,5.2,3886.203125,79.9370747306809
,0.5,3839.90625,100.0
,6.8,3894.234375,82.31931455508152
,0.7,3862.859375,98.32372378891915
,1.3,3890.421875,99.89609608147319
,1.8,3876.328125,97.89811958015692
,5.2,3850.3125,85.53454434587204
,2.5,3908.375,93.92853814291512
,0.5,3881.53125,92.33030954057472
,0.3,3858.03125,99.92039113154341
,2.0,3827.28125,100.0
,4.2,3875.453125,99.89885379185318
,2.0,3875.640625,99.89424635435248
,1.2,3846.078125,99.89980868392018
,5.5,3916.78125,87.13233600198855
,0.3,3848.875,94.85861214815546
,1.5,3803.875,99.91445654564542
,4.0,3840.359375,96.7244204036958
,4.2,3890.5,97.5058053829471
,0.5,3870.0625,99.89808108503873
,2.2,3835.9375,99.44120433831333
,9.1,3870.125,75.14129992182087
,1.0,3851.65625,90.73045737391384
,1.2,3863.59375,99.90743616048937
,3.3,3883.8125,90.32929068131267
,1.3,3862.765625,100.0
,1.5,3819.265625,99.88876437390205
,7.7,3822.796875,70.17172421870825
,6.8,3864.03125,84.33561389275187
,9.3,3894.421875,65.55034024082771
,0.0,3842.421875,99.92475936370117
,5.7,3881.78125,88.31620478234873
,1.5,3890.921875,90.30837412906752
,0.3,3865.328125,99.09824085988141
,1.0,3821.53125,99.90112197787786
,19.1,3841.078125,50.75800419751647
,20.0,3853.5,27.977823852326566
,2.8,3892.375,89.13091641453055
,1.0,3870.46875,99.92413638983324
,0.0,3892.40625,85.53555443360406
,0.3,3860.53125,99.89558194655666
,0.5,3853.65625,100.0
,7.5,3835.40625,82.33219046157276
,3.8,3879.859375,95.12693194886145
,0.5,3878.15625,90.33115086026146
,0.3,3848.1875,99.92312914467807
,0.0,3806.59375,100.0
,7.0,3856.1875,82.73296883373132
,1.8,3879.765625,99.92321360212621
,0.3,3815.625,93.44788150908124
,4.4,3864.90625,100.0
,0.3,3905.296875,87.93018361913806
,0.5,3854.46875,99.89600277098317
,5.0,3906.109375,85.1326473729528
,0.3,3881.390625,73.93933124080789
,0.2,3852.78125,99.92118754613735
,6.0,3842.171875,89.13201483180174
,7.7,3881.046875,83.93561131994369
,2.0,3894.796875,91.10597761820124
,0.5,3870.875,100.0
,0.2,3853.1875,99.89744828993084
,4.9,3843.21875,99.90109990269144
,3.0,3910.953125,96.69394462110662
,0.8,3850.671875,97.9356884194459
,6.5,3914.640625,83.53394285825854
,0.2,3888.359375,80.34051628926177
,0.5,3862.328125,99.52589660101322
,1.3,3822.828125,99.92533068757272
,3.8,3867.078125,99.92401029419084
,1.3,3871.484375,99.10062259259092
,0.3,3856.484375,100.0
,2.3,3849.328125,99.89958612586533
,5.3,3892.40625,84.73531391037304
,0.3,3865.890625,99.9247175172451
,4.3,3854.734375,94.32841293051702
,2.5,3886.8125,81.9379815566294
,0.5,3827.3125,93.52675386155063
,2.5,3838.328125,99.90419816917456
,5.0,3885.671875,87.93203066378067
,0.3,3871.875,100.0
,0.3,3813.9375,99.92499730796634
,2.7,3837.125,99.92436105660421
,2.5,3882.5625,99.92276139727213
,0.5,3867.609375,99.9013673848967
,1.3,3814.859375,100.0
,3.2,3839.5,99.92239476842614
,4.0,3890.96875,99.12203596710188
,1.3,3867.59375,99.92351123847172
,1.2,3895.765625,87.39698999911882
,0.0,3852.609375,99.92621048099072
,3.2,3886.953125,99.89985060246205
,0.3,3852.953125,99.89591763925392
,3.1,3849.453125,100.0
,5.9,3896.125,83.13612503190693
,0.2,3886.4375,83.93628413623533
,1.5,3866.125,99.92358921051384
,1.5,3885.40625,93.52948493854419
,1.8,3864.53125,95.50037087531229
,7.3,3907.34375,77.14024963522505
,0.5,3847.484375,98.72497672140076
,2.0,3869.265625,99.9252284416243
,0.7,3885.578125,90.72907009232964
,3.8,3880.46875,97.11919858579557
,0.5,3892.671875,92.30578284525949
,0.5,3879.5,100.0
,3.5,3836.71875,96.70584719076382
,3.5,3882.625,99.90181609642585
,2.0,3895.8125,83.11154687099507
,0.5,3859.609375,100.0
,1.8,3823.421875,99.89525104238366
,5.0,3864.53125,88.73081819249137
,2.0,3883.609375,99.92375096685574
,1.7,3831.59375,99.92297796782972
,3.0,3879.3125,99.92454199499167
,0.7,3851.015625,99.9247082180374
,4.7,3905.625,89.13216009365463
,0.7,3878.59375,97.92439620454137
,1.0,3854.671875,99.92323596605462
,3.0,3830.0,97.52456007981662
,4.8,3874.65625,89.13395065855077
,0.7,3882.421875,99.0997243670239
,0.0,3853.8125,99.89806540099171
,3.0,3813.0,91.50052549548562
,15.0,3842.109375,54.757120080330346
,18.8,3854.484375,35.57149133212468
,17.4,3871.28125,41.566468041031804
,1.3,3886.15625,96.72564970367347
,0.5,3861.3125,95.1269770085463
,9.0,3846.234375,73.54452772288307
,3.0,3897.15625,93.13090627250827
,0.5,3867.5625,99.92690036815578
,0.5,3814.203125,99.12817300223269
,6.7,3859.0625,82.7326129742229
,3.3,3899.703125,87.91110077289534
,0.3,3840.703125,98.6990654996023
,2.5,3873.578125,99.90020498284892
,1.7,3893.859375,81.11853567001862
,0.5,3865.46875,99.90327633063451
,0.0,3808.9375,99.90188457699148
,6.3,3836.609375,85.53566374611688
,4.2,3900.171875,94.3305473482975
,0.3,3874.421875,96.3305730965383
,0.3,3812.296875,99.9268243903602
,5.2,3858.03125,91.13135649639194
,3.2,3897.984375,83.51596606175595
,0.2,3866.78125,97.49853104193534
,0.5,3811.109375,100.0
,3.7,3823.859375,96.23586032322338
,7.0,3865.25,82.33494732414317
,3.8,3877.640625,94.72683695534462
,0.3,3813.328125,99.92284029802994
,3.5,3836.359375,97.12460877190736
,5.7,3882.21875,90.33075378868784
,1.2,3874.515625,99.09975375594703
,1.8,3849.828125,100.0
,4.2,3913.03125,87.90954934992023
,0.8,3891.8125,74.31809870327878
,2.0,3851.234375,99.89643135939839
,0.5,3909.28125,100.0
,0.5,3887.09375,99.89799076823101
,0.3,3848.625,93.90354482382371
,5.7,3910.515625,88.32933422589606
,0.3,3892.96875,98.32555222408598
,0.3,3834.734375,99.92097809670233
,4.3,3859.03125,86.734951037849
,6.2,3895.84375,81.93768377077537
,0.7,3840.609375,99.89787319629995
,2.5,3865.453125,99.50135932347057
,4.0,3886.84375,93.12796729971488
,0.5,3869.171875,99.92450872720096
,1.5,3846.75,99.92519470841165
,4.5,3909.40625,88.73007209309041
,0.3,3854.828125,79.94031519420166
,5.0,3887.859375,93.12965712736298
,0.5,3873.6875,98.72731389251264
,0.2,3819.953125,99.92594088960591
,3.3,3855.03125,99.92452620964308
,0.8,3854.703125,93.92761880393869
,3.7,3864.734375,86.73530863883289
,1.3,3894.140625,99.52422723772162
,0.5,3864.09375,99.92541317263311
,1.7,3812.53125,99.571234651261
,7.2,3858.71875,92.72952703072511
,5.0,3900.921875,86.71261579131901
,0.7,3854.8125,99.89697045756263
,8.3,3882.625,76.74085927348074
,0.5,3883.0625,99.52524649318642
,0.2,3835.28125,99.52470857914427
,2.5,3870.015625,99.92337424137699
,4.5,3880.828125,99.52309491821337
,0.0,3818.0,99.89967156592009
,4.0,3857.546875,99.92187238915406
,2.4,3860.296875,94.28398368763804
,1.0,3896.0625,94.32727875860917
,0.3,3877.109375,97.52191157862022
,0.5,3852.734375,100.0
,4.3,3830.5,99.91885589575637
,3.7,3882.140625,99.91882256201585
,0.3,3885.265625,97.92428543755727
,0.5,3862.09375,100.0
,0.3,3806.484375,99.92456494071347
,3.5,3838.921875,99.09925135758499
,0.5,3890.234375,99.8966534154627
,0.3,3861.84375,99.89635391766527
,3.5,3811.671875,99.9213970429434
,3.5,3839.734375,98.72530680634483
,2.8,3885.703125,98.32586564753068
,0.0,3871.03125,99.92491531180289
,0.5,3808.15625,99.5240809467879
,8.1,3835.40625,79.93962135827972
,4.8,3881.75,91.93137239758273
,1.3,3857.46875,98.72712930728026
,13.7,3913.71875,55.55680598130446
,0.5,3889.21875,93.12956870412448
,5.0,3855.296875,92.30986486671017
,12.8,3905.8125,56.755513328836805
,0.5,3887.390625,90.33292454809062
,0.0,3858.15625,99.92393569240178
,0.8,3811.109375,99.12484483978754
,7.7,3853.5,91.1062462920078
,4.0,3902.890625,90.30582059361515
,0.7,3872.5625,88.52981911659184
,1.0,3818.84375,100.0
,4.2,3842.546875,99.10085238402499
,3.7,3887.1875,99.90285635120047
,3.5,3852.59375,99.92505700925534
,3.8,3910.546875,85.13483446697606
,0.0,3890.875,75.94254841464712
,2.0,3854.71875,100.0
,1.5,3886.171875,99.92391732675564
,0.5,3832.96875,99.89933106133326
,1.5,3843.5,99.90644670486121
,3.3,3891.140625,99.89592481875277
,1.3,3909.921875,96.29977648326015
,0.3,3850.84375,98.69853908254444
,4.7,3908.15625,99.92194189682814
,0.7,3881.65625,75.14228869077468
,0.2,3851.109375,99.52528696837948
,2.0,3821.140625,99.92386990157401
,3.2,3867.09375,99.92219456617451
,2.7,3868.859375,96.69978181196076
,0.8,3813.1875,99.89889712699018
,5.5,3862.53125,100.0
,0.5,3877.734375,75.51998521910558
,1.5,3855.1875,99.1110275261839
,5.3,3886.5,99.52227848698443
,0.3,3861.796875,99.5238952704529
,2.0,3822.046875,99.9212283900418
,5.5,3859.96875,98.7246414018253
,0.5,3879.171875,83.93563791681878
,0.2,3846.125,99.49708230695992
,1.0,3784.84375,100.0
,4.8,3830.921875,99.91836370232515
,0.8,3884.546875,79.5373500911868
,0.0,3864.0,99.92446130145795
,5.8,3829.09375,94.72629102599663
,4.0,3902.8125,96.72526570722218
,1.0,3876.171875,85.11397028551852
,0.5,3864.0625,99.89749766504103
,0.2,3847.1875,99.89514316558778
,5.0,3814.28125,100.0
,5.0,3860.453125,99.86706346325624
,0.8,3872.28125,99.88290146440974
,0.5,3845.328125,100.0
,1.0,3787.96875,99.90697292009764
,5.7,3816.078125,91.12948173023923
,5.0,3861.375,89.1327600373809
,0.3,3806.15625,99.92279545430168
,1.7,3821.953125,99.08742982425358
,7.0,3860.03125,83.5343577933842
,2.5,3838.078125,92.7073563261477
,4.5,3855.109375,86.32756332666823
,2.8,3842.6875,94.32636788125065
,2.0,3890.125,99.92358604885443
,1.2,3855.96875,99.92468436557755
,0.7,3883.734375,75.54294807134622
,0.3,3849.703125,99.90047824621087
,4.5,3890.515625,83.13473873316677
,0.2,3815.03125,99.52449513787154
,3.0,3836.0,98.72586704393981
,1.8,3884.84375,99.92219298538892
,0.5,3853.65625,99.92463535880493
,4.4,3858.0,93.99907717085509
,0.3,3889.609375,99.12570756678059
,0.3,3862.609375,98.72486346264704
,0.0,3801.421875,100.0
,7.1,3844.484375,85.13663791772186
,6.3,3896.71875,69.92964161552648
,0.5,3868.78125,92.3047942620152
,0.7,3846.484375,99.8966695637658
,2.0,3806.09375,100.0
,4.0,3849.90625,99.90043941762674
,5.0,3868.6875,99.89692974966262
,1.5,3825.640625,99.89963331887179
,3.0,3850.859375,99.50386544440481
,6.8,3855.203125,81.5367840404875
,3.2,3901.4375,87.9346798412231
,0.0,3855.953125,99.92538041572558
,5.7,3903.265625,86.73181795295518
,0.7,3877.9375,100.0
,2.0,3855.0,99.50173307768107
,4.3,3886.5625,92.3302002233274
,0.0,3828.90625,98.72628986204232
,9.3,3866.28125,79.13913892227158
,1.7,3887.984375,95.92730464061158
,0.3,3873.890625,99.92586949323497
,3.0,3833.484375,99.50975341931928
,6.5,3869.3125,81.5360133906422
,1.7,3887.359375,81.93614233799582
,1.0,3854.296875,100.0
,2.5,3827.0,95.12747851067056
,5.0,3898.71875,98.9835124678693
,0.3,3836.5625,96.3033369700406
,0.8,3865.015625,99.8979030539677
,1.2,3879.5,91.50652808625765
,0.3,3818.578125,99.89758858507751
,6.2,3844.03125,91.12756052744083
,10.0,3874.140625,92.32999170714213
,0.5,3890.328125,68.34756982191443
,0.5,3864.765625,99.92428508267001
,0.3,3799.0625,99.92487658046088
,3.3,3830.15625,100.0
,11.0,3862.59375,69.14677966091001
,0.7,3871.53125,78.73980877856262
,2.8,3854.5625,99.92520349624844
,2.5,3803.359375,99.11976907864131
,9.6,3826.28125,73.53265827877911
,2.2,3886.515625,99.49574397496261
,0.7,3825.359375,99.89472265044648
,6.3,3833.671875,77.5332285430748
,7.0,3873.734375,76.73720801055526
,2.5,3851.734375,98.7240175559109
,1.8,3893.0,97.12693558763668
,0.2,3864.546875,98.32674853283811
,0.3,3800.78125,99.89907595163147
,8.0,3843.421875,85.93198948438676
,2.8,3898.171875,99.52446072987182
,0.5,3839.34375,99.12535831378636
,2.0,3900.515625,99.92356545157816
,0.5,3839.21875,88.73243142272199
,1.3,3871.203125,100.0
,2.0,3890.1875,87.90935332497867
,0.0,3813.0625,99.89481166023488
,3.5,3855.125,99.89559872184415
,0.8,3883.15625,83.91440638021734
,0.5,3863.125,99.90030009041234
,5.0,3823.3125,86.33014328694895
,3.3,3871.859375,98.72137257448182
,1.0,3857.546875,99.92344784268816
,1.0,3806.953125,100.0
,4.5,3862.0625,99.9209052196631
,1.0,3837.078125,83.91968106331481
,0.8,3902.953125,99.49764257871155
,0.3,3878.390625,75.91982139411799
,0.5,3848.34375,99.89681905780091
,3.0,3796.875,89.13056035232201
,6.0,3843.015625,95.52142778980544
,3.0,3896.53125,95.12603001167346
,0.0,3871.703125,90.73407260673085
,0.5,3843.296875,99.92456166275257
,1.7,3800.96875,99.89946676098594
,3.3,3850.6875,93.10232765280763
,8.3,3884.375,71.54367838862315
,0.5,3848.765625,99.92418581457635
,1.5,3807.625,99.52524410820752
,4.0,3825.640625,87.53487763130158
,3.8,3874.15625,94.72870281975527
,1.7,3832.390625,100.0
,2.5,3907.953125,91.531022953234
,0.3,3883.65625,96.73116494827212
,0.5,3842.59375,99.12827505772748
,4.0,3880.46875,91.53277227915433
,0.3,3854.125,99.92678663399556
,2.5,3810.75,100.0
,4.0,3856.765625,99.90103444401184
,2.0,3881.171875,99.89853934021316
,2.3,3862.328125,99.89778699255007
,2.0,3866.953125,100.0
,0.5,3886.765625,97.5022132755061
,4.2,3855.34375,88.33112363665381
,1.7,3889.3125,98.72433383040294
,0.5,3820.984375,100.0
,0.5,3826.609375,99.52485545079695
,3.3,3882.8125,97.12792234645352
,2.0,3851.390625,97.90139900061776
,1.3,3900.796875,89.50727375958358
,0.7,3845.734375,85.11783923638954
,6.3,3885.96875,84.33646176114684
,0.7,3887.25,88.73723137057104
,1.0,3865.1875,99.92675159778864
,1.7,3828.375,99.92501146609267
,5.5,3879.1875,93.13024498041482
,0.5,3893.421875,97.10634210774997
,0.3,3862.515625,99.90148343139668
,0.5,3804.859375,71.77327765769061
,5.1,3847.703125,100.0
,2.8,3896.390625,96.3252720118642
,0.0,3867.515625,99.92471303037716
,0.0,3821.8125,100.0
,2.0,3858.21875,99.90473574769855
,4.3,3889.703125,87.53359481776438
,0.2,3863.6875,99.92584054878932
,0.0,3857.671875,67.60934995643588
,5.4,3859.296875,100.0
,4.5,3879.078125,91.12974233773002
,0.5,3849.3125,99.49550554959164
,8.2,3845.328125,82.73648278593956
,7.5,3912.046875,82.73622236959343
,0.2,3887.703125,89.93111069520096
,0.5,3860.265625,97.92560875716624
,1.2,3817.828125,99.92331196164088
,4.3,3874.140625,99.89943752976248
,0.7,3886.796875,97.89700609496781
,0.3,3856.78125,99.89590746249031
,1.7,3821.125,100.0
,9.5,3857.28125,68.34232843749574
,4.8,3889.78125,87.13218266987403
,0.0,3861.890625,99.92254585052177
,1.5,3824.734375,83.75504456410513
,4.4,3866.015625,100.0
,1.7,3852.296875,99.09642432080483
,4.5,3909.453125,88.72976063544743
,0.3,3881.625,99.92405781249659
,0.7,3855.609375,99.12156548882457
,2.3,3821.671875,97.92375354537184
,11.3,3852.3125,67.94217733410034
,16.2,3872.125,47.960697835104895
,3.0,3871.609375,99.92058860677464
,0.2,3817.40625,99.52440893267888
,3.2,3849.046875,99.92093795039037
,4.8,3856.421875,97.92186678378513
,1.8,3909.3125,100.0
,0.3,3850.734375,99.89605356198027
,1.5,3870.15625,99.90189166439843
,1.7,3832.890625,96.61259948267383
,3.9,3876.921875,95.92529778978802
,1.7,3843.84375,94.06280712602951
,9.3,3905.53125,68.34771673351568
,0.3,3877.125,77.1408959556164
,0.7,3813.78125,99.10128234973423
,2.5,3838.34375,99.90021815801244
,3.8,3882.5625,89.13011199709572
,0.5,3855.8125,99.92484342868778
,0.2,3807.046875,99.92513919163709
,5.8,3860.34375,96.72761156715946
,3.2,3880.78125,75.14177594719024
,1.5,3869.484375,97.0883640103692
,2.8,3888.46875,85.13218855380586
,0.7,3860.078125,99.92420678407291
,2.5,3840.140625,99.52415075793482
,4.0,3892.171875,93.1296914696854
,0.5,3869.109375,99.92337445060355
,1.0,3812.90625,99.9029691478532
,5.3,3866.71875,99.90582646914659
,4.7,3893.921875,67.94801391552046
,0.3,3842.5625,97.5254874170862
,2.8,3897.640625,99.12534256240517
,0.5,3871.375,98.72757087967247
,2.0,3840.734375,99.924962249766
,4.5,3903.78125,92.73145105080704
,0.5,3879.21875,87.13758702010375
,0.2,3849.734375,100.0
,1.8,3833.46875,99.92655019238555
,4.7,3879.6875,91.53097199389875
,0.7,3885.703125,79.92060159923365
,0.3,3854.421875,100.0
,2.0,3810.71875,99.72046228422607
,1.5,3818.5625,99.50529991122897
,3.7,3866.828125,99.52466659935536
,1.0,3859.453125,99.9250204631307
,4.2,3892.578125,87.13369379722195
,2.0,3884.890625,99.92611492885882
,1.0,3898.46875,80.71637854819737
,1.3,3864.53125,100.0
,5.5,3896.625,81.93745049621687
,0.0,3833.3125,99.92417853802361
,3.2,3857.359375,93.1303236112796
,2.0,3897.484375,96.72727231586974
,0.5,3874.5,99.92482176148191
,1.5,3824.59375,99.89401276182082
,1.3,3852.90625,99.90204063960175
,4.5,3885.828125,92.32873266058749
,1.5,3863.3125,100.0
,1.5,3823.25,99.92143219162807
,4.3,3864.421875,89.93161355397119
,2.0,3848.328125,99.92469736121458
,2.7,3878.328125,99.85674400574426
,0.8,3851.140625,100.0
,2.8,3897.6875,99.89748061029157
,0.2,3852.125,99.89878533867852
,5.3,3895.40625,84.33271917813077
,0.3,3872.046875,100.0
,0.3,3821.859375,99.92637384998598
,6.7,3863.4375,88.73315357318188
,13.9,3902.53125,57.556994854907295
,0.5,3849.296875,99.89717513608547
,3.2,3876.0,97.90419605974343
,1.2,3865.984375,99.90021694970804
,1.3,3813.203125,99.89776624325998
,2.2,3816.484375,99.89623416551866
,9.0,3854.65625,78.33971799437792
,5.5,3889.46875,85.93465810977125
,3.0,3850.296875,88.73228608984026
,19.0,3863.8125,35.17172330781404
,8.5,3887.25,75.14172488299752
,0.5,3858.765625,100.0
,6.8,3837.03125,82.73764337078897
,12.7,3866.671875,58.75507627900159
,1.3,3898.328125,95.92682366989142
,0.5,3863.75,99.92368208434833
,2.5,3839.9375,99.12641299891564
,3.0,3916.078125,95.10558611678572
,0.7,3887.0625,83.5149163387278
,0.5,3861.4375,99.89730128018584
,1.5,3803.1875,99.49835617642519
,4.3,3824.421875,91.9288753610791
,4.8,3870.59375,91.53127621749995
,1.3,3884.484375,96.72736759854554
,0.5,3855.421875,99.92482785247661
,1.3,3816.1875,100.0
,4.3,3860.484375,88.33126748806644
,1.3,3847.21875,99.52454258205015
,4.8,3881.671875,91.13282890710673
,2.3,3892.953125,74.74410285400302
,2.0,3911.09375,96.32684025064609
,0.5,3883.59375,83.51539446944408
,0.3,3859.890625,99.09784865218201
,2.0,3816.609375,99.90409227155838
,4.8,3861.109375,91.12963789950193
,3.3,3895.5,75.1421655477629
,1.0,3887.046875,99.92471972580718
,1.8,3851.828125,99.92422775357828
,2.0,3907.8125,87.13441828282504
,0.3,3878.671875,81.11458755862921
,0.5,3848.84375,100.0
,5.7,3844.671875,97.91592245662332
,3.2,3911.78125,99.5226850917254
,0.7,3891.171875,97.12606133521766
,3.0,3849.65625,94.0277267555211
,1.0,3899.1875,88.33207528410179
,0.5,3845.78125,97.89927348556667
,4.2,3884.390625,95.12625689969512
,0.3,3885.921875,73.73533381066136
,0.9,3834.734375,100.0
,3.0,3874.0625,99.92044552723256
,1.0,3883.953125,85.13752226043462
,1.2,3827.546875,99.90149581683201
,1.8,3855.5625,99.90044961855047
,5.8,3892.953125,87.13102489198631
,0.0,3871.734375,100.0
,0.2,3814.390625,99.92332953665374
,2.3,3829.09375,98.3242941124808
,2.8,3876.671875,99.9253985029295
,2.7,3921.03125,95.50405729436696
,1.0,3893.984375,73.52364289859733
,3.7,3859.09375,87.13303174006145
,2.3,3896.984375,99.12337753038663
,1.5,3871.0,99.92499498315122
,1.2,3881.515625,99.92391504848608
,0.7,3860.734375,100.0
,0.3,3811.484375,99.9036498139009
,6.5,3864.5,99.905363243682
,12.3,3906.5,59.95464839519962
,0.0,3888.140625,75.94401050174115
,0.2,3850.390625,99.92865023757828
,3.7,3888.21875,95.52480354756104
,0.5,3854.1875,99.92570803226435
,6.5,3825.609375,89.42934949096366
,9.7,3860.671875,71.94505858271974
,2.5,3898.078125,90.730395356738
,0.5,3837.125,89.93114170263989
,1.0,3859.90625,96.3005470556673
,14.4,3882.625,60.35119856727753
,4.2,3878.734375,87.13497040254316
,5.0,3877.484375,85.13426254838883
,1.0,3893.125,94.32842076520042
,0.3,3866.140625,99.9238638106961
,0.5,3846.5,100.0
,4.2,3821.015625,99.51097279760164
,5.2,3870.640625,93.12947687933656
,2.5,3879.84375,81.53757401627709
,0.3,3840.484375,99.92492670337978
,10.5,3872.078125,70.72251937451084
,20.3,3881.5,27.977443384182642
,0.8,3867.96875,97.50065014448268
,1.2,3803.046875,99.8986764783411
,5.7,3832.734375,93.87827849991038
,6.0,3872.359375,79.93846186121007
,1.5,3888.5,97.52622451656227
,0.3,3861.953125,99.12514704274913
,0.5,3799.03125,99.92339511754331
,3.5,3815.015625,100.0
,8.5,3852.375,79.53365644438443
,3.8,3882.1875,94.32723625046148
,1.0,3840.71875,99.9265622818016
,3.0,3883.59375,100.0
,4.8,3915.4375,83.1367290413033
,0.3,3890.078125,79.11796250342888
,3.2,3880.390625,99.89775155843726
,0.8,3891.6875,99.89240889304992
,0.5,3874.09375,99.8962101175378
,0.0,3805.484375,99.89917256739403
,5.0,3844.96875,99.89812648747815
,2.7,3900.21875,92.30252871159156
,0.3,3872.453125,98.29780509315822
,0.3,3821.0,99.10074881754608
,6.2,3865.46875,87.93284391663695
,2.0,3890.6875,88.73253204124882
,0.3,3850.953125,99.92562205945067
,0.3,3803.1875,99.92620999276768
,4.5,3845.78125,99.92416486833635
,3.0,3897.203125,99.90517119681846
,0.5,3870.515625,99.89093359672137
,1.8,3827.328125,100.0
,5.3,3861.71875,85.53547895181538
,2.2,3877.53125,99.92518340976659
,0.3,3836.765625,99.92674571580011
,3.0,3885.25,99.92516295132117
,3.2,3913.53125,98.72391426757784
,1.0,3893.609375,91.50930676849194
,0.8,3909.46875,99.89913803850698
,0.3,3882.15625,91.50801165383041
,0.3,3850.296875,99.09777964275636
,6.5,3844.84375,86.39757758133037
,8.0,3881.453125,77.61808997563757
,1.7,3889.25,82.33527746127976
,1.5,3834.609375,99.92250709776957
,2.3,3869.515625,99.12094618553566
,2.0,3892.328125,91.50801459108779
,3.0,3882.90625,99.89858855375083
,1.2,3893.28125,85.91297049835565
,0.5,3868.390625,99.09906234869224
,1.7,3819.9375,100.0
,7.0,3854.3125,99.92253067022594
,3.3,3891.75,95.92665898801789
,0.5,3834.09375,99.92519689374659
,0.8,3853.984375,99.92399669429265
,3.8,3884.9375,90.72877120394885
,0.5,3827.703125,99.4997484330637
,2.7,3842.65625,99.90402350910534
,5.5,3885.265625,90.7097821304361
,0.8,3851.96875,99.89689313116904
,1.0,3871.34375,99.49799762903329
,5.2,3852.1875,88.33181897762337
,4.0,3876.265625,99.92240613618141
,1.3,3861.25,99.92368559472695
,5.0,3912.28125,93.92794637238256
,0.0,3887.734375,84.33550154342404
,0.7,3832.03125,99.89822698176539
,4.7,3866.1875,99.90557734520026
,1.4,3820.3125,94.47628567296027
,4.1,3863.015625,90.32785225009457
,11.0,3902.640625,60.354459733143905
,0.7,3879.375,86.33534189469732
,0.0,3852.484375,99.92417495786707
,0.5,3808.5,99.92425439555677
,11.8,3830.265625,66.34561663232256
,4.3,3877.203125,91.93035301283096
,1.5,3860.203125,99.52408939821508
,1.5,3821.359375,99.12455938144795
,8.0,3860.984375,78.74009800057642
,8.3,3913.84375,67.9334945321107
,0.5,3849.796875,83.51331176397892
,5.2,3865.828125,88.33046122749518
,2.8,3891.9375,85.13612278259498
,0.3,3858.03125,99.92541498600407
,0.5,3797.5,99.92383405374599
,2.3,3830.359375,99.92451072652248
,7.6,3864.5625,79.12292239393814
,2.3,3887.25,94.70226878553581
,0.7,3855.09375,98.29698809165023
,0.5,3813.328125,99.09905077768346
,6.5,3841.28125,87.1312079978372
,5.6,3876.078125,88.73270741200058
,1.5,3878.796875,99.92480060574275
,0.5,3852.078125,100.0
,1.8,3837.578125,99.92570096472622
,3.5,3899.5625,91.51246602975486
,0.5,3882.5,99.49860465940678
,6.0,3851.09375,85.52542592035041
,3.5,3912.296875,76.74139735702155
,0.7,3884.09375,99.12498916084381
,0.3,3832.84375,99.92417702691854
,3.7,3877.78125,98.32204241145037
,0.7,3886.21875,95.90275881914339
,0.5,3857.15625,100.0
,2.3,3837.78125,99.10663857422963
,3.3,3896.390625,93.92836111358528
,0.0,3867.0,92.3308584936445
,1.0,3806.21875,100.0
,5.7,3846.984375,89.87229677135953
,2.0,3903.265625,99.92489764323979
,0.0,3880.5625,93.10667295403438
,1.0,3820.8125,100.0
,2.2,3827.53125,98.2992907972491
,3.0,3873.40625,99.90160819214162
,1.8,3846.390625,99.8989024248004
,4.3,3912.890625,86.33221970643874
,0.5,3888.609375,82.3380863678452
,2.0,3882.90625,99.92455327024372
,0.0,3878.0,93.92777996557935
,0.0,3833.109375,99.92473627840191
,2.0,3857.125,99.102352773791
,2.0,3843.484375,98.69725397450578
,1.7,3867.390625,99.89636462892092
,1.7,3855.375,99.8968838371394
,4.0,3886.90625,86.7316792095063
,0.5,3862.46875,99.92387238907016
,0.3,3811.578125,99.92341569150194
,6.2,3859.609375,93.52848306962478
,1.3,3875.0,97.52543409658722
,0.3,3817.265625,100.0
,3.0,3852.59375,99.89741016076148
,5.3,3895.21875,81.13654763848017
,0.7,3835.1875,99.52361482385898
,2.0,3851.109375,94.72799715323875
,2.5,3879.625,100.0
,0.5,3820.40625,99.12439831891255
,3.0,3844.96875,98.70018205678018
,4.2,3898.765625,87.93229765487798
,2.3,3870.53125,97.12648498039614
,2.2,3899.4375,100.0
,0.2,3876.59375,99.92337617091093
,0.2,3815.5625,99.92441517764127
,3.3,3826.03125,94.7099208296785
,6.9,3869.3125,81.93690440218124
,1.3,3876.265625,99.52416298357859
,1.5,3855.453125,98.32581179739299
,10.7,3906.796875,71.14536320827256
,0.3,3877.921875,95.92812527693228
,2.3,3855.21875,99.89823904109345
,1.8,3815.40625,100.0
,7.5,3852.171875,78.73629219350926
,11.1,3884.046875,64.75108061576505
,0.5,3863.25,98.72624785110726
,0.3,3812.796875,99.92375268717608
,5.5,3856.109375,95.12809714052233
,1.7,3896.765625,99.89763986563109
,3.6,3856.390625,89.05072663587782
,5.6,3897.265625,60.426030071903504
,0.2,3869.5,100.0
,0.2,3814.015625,99.92135601292941
,1.5,3850.71875,99.92099167253255
,5.7,3894.046875,83.91482912133881
,0.0,3865.140625,94.3013830124329
,0.7,3804.703125,99.8956102926136
,8.3,3846.65625,79.51963164573422
,4.8,3908.53125,87.52936976181005
,0.2,3881.703125,88.73268905945505
,0.3,3856.15625,99.92414389885738
,0.5,3814.171875,100.0
,6.0,3833.0625,88.31854989509004
,4.0,3878.4375,95.12758593815926
,1.7,3827.875,99.12463495464218
,1.3,3848.09375,100.0
,3.3,3886.015625,98.72539914140522
,0.3,3832.359375,99.8991247474478
,3.5,3863.515625,95.72957477494127
,4.3,3850.875,93.97369222239317
,7.3,3879.125,65.52682867693738
,0.7,3851.765625,99.12257111216951
,4.7,3872.125,88.33283806772238
,4.0,3883.359375,86.7136785306459
,0.3,3829.296875,99.89797668746738
,4.8,3842.34375,85.9329774294389
,7.5,3887.609375,81.88306648743703
,0.0,3848.125,99.92599031613413
,3.2,3858.328125,99.92371214342612
,1.3,3900.78125,73.54661213341956
,1.0,3849.03125,100.0
,5.2,3879.25,88.73235809561761
,0.5,3845.8125,99.92478630818783
,2.8,3901.4375,92.33122348499397
,0.3,3876.9375,98.32731960066806
,0.3,3851.84375,99.92418711645172
,1.8,3809.15625,99.49907450553813
,4.7,3858.390625,99.89856390050423
,2.7,3894.84375,99.89685609447125
,1.2,3865.125,100.0
,2.0,3839.796875,97.49895276876939
,3.5,3911.875,89.13115911327168
,0.5,3887.3125,74.74319068775364
,0.5,3832.609375,99.5247753810325
,1.5,3868.484375,100.0
,1.5,3885.171875,99.52323752473033
,1.3,3827.21875,98.69902291496014
,1.5,3839.15625,99.10144658733928
,4.5,3882.90625,98.29476374898034
,0.3,3835.40625,99.49805418923249
,6.8,3875.390625,85.53227359623263
,1.0,3871.984375,99.92413638983324
,0.2,3818.953125,99.12498537869507
,5.5,3848.3125,97.12611131919085
,4.5,3887.953125,90.73032998338067
,0.7,3858.859375,99.89718431399324
,1.3,3825.859375,99.90041848134106
,6.5,3868.671875,94.31388510176497
,6.5,3895.703125,79.93773201555209
,0.5,3849.484375,97.52344292400265
,3.2,3894.4375,94.32896039586817
,0.3,3840.640625,98.72485271330001
,3.7,3874.0,96.7239235438599
,0.5,3876.046875,100.0
,1.0,3842.125,98.68421085435935
,6.6,3895.46875,81.13384913284449
,0.5,3840.5625,99.52560312985914
,3.0,3905.28125,95.92762644353725
,0.0,3875.359375,98.7238403787695
,0.0,3820.296875,99.12625204566885
,1.7,3831.734375,99.90007046625496
,5.0,3867.4375,99.9230223932716
,1.0,3863.46875,99.12291914635556
,0.5,3804.21875,99.99482749118354
,6.2,3830.796875,75.13951824543733
,12.0,3860.90625,64.7482577280468
,1.5,3869.78125,86.31035529246299
,0.7,3809.421875,100.0
,5.3,3846.28125,91.52755062917367
,5.2,3877.359375,89.53294467123736
,2.3,3869.875,99.5243795724701
,0.5,3885.359375,98.72425805755682
,0.5,3860.4375,99.92417753836949
,0.3,3798.09375,100.0
,10.0,3826.3125,77.13955076065812
,3.5,3872.3125,94.72752424641098
,0.3,3875.1875,91.9289571248457
,0.0,3844.40625,100.0
,3.0,3821.515625,98.73214313171779
,5.0,3852.0625,87.93018280087412
,2.8,3890.984375,92.32978080752254
,0.7,3865.859375,99.9224742497794
,0.3,3797.375,99.92267573174068
,3.0,3819.03125,100.0
,3.2,3871.3125,99.89780355945864
,0.5,3870.609375,99.4969385720063
,0.5,3801.296875,99.8920304987702
,4.8,3832.328125,92.32488078809524
,2.5,3884.8125,99.12223940733234
,1.0,3847.578125,99.92227235018673
,1.5,3890.515625,99.52378579606602
,0.5,3827.59375,99.52328475932191
,1.3,3851.171875,99.90246063541515
,4.7,3893.125,82.33589441394619
,0.5,3872.71875,98.32463653397308
,0.0,3838.890625,99.52271553917046
,3.3,3819.734375,99.519235065357
,2.8,3875.546875,100.0
,0.5,3857.8125,97.89517630641159
,1.5,3810.765625,99.90243077502299
,3.8,3849.421875,99.8983906542813
,1.5,3877.65625,100.0
,0.3,3857.0,99.89297227300916
,0.3,3805.390625,99.896971154616
,8.5,3850.140625,79.47519002696059
,3.5,3888.859375,87.53230521973308
,4.5,3850.84375,83.93309920195627
,8.5,3891.640625,74.34330356482631
,0.3,3871.21875,99.92373050899684
,0.3,3811.78125,100.0
,4.7,3839.21875,96.32488613407712
,10.7,3866.375,70.3450135457024
,3.8,3858.53125,90.73178303770794
,0.3,3892.5625,90.33252477081388
,3.2,3863.625,91.92991006949373
,7.0,3903.65625,98.70006212846232
,2.0,3848.0,92.70386229781559
,3.5,3905.65625,96.30075986510839
,0.0,3848.078125,100.0
,2.2,3867.296875,99.90452415955899
,2.8,3867.25,99.50161258914477
,0.8,3892.53125,97.90014489845804
,0.4,3866.15625,99.97385968143413
,2.0,3881.109375,96.32527960888517
,0.5,3829.125,99.92351893338162
,1.8,3856.78125,99.52463339528927
,1.2,3864.109375,99.9229623922001
,0.0,3799.5,99.92393120560406
,4.2,3826.421875,100.0
,3.0,3884.46875,99.89852628167165
,0.3,3861.328125,99.89758549476943
,0.3,3801.921875,99.8956783464504
,3.2,3820.125,100.0
,5.3,3868.765625,89.53140149757196
,0.8,3842.109375,99.1246881349938
,2.3,3899.78125,97.92466223314072
,0.5,3851.734375,91.5314707504511
,2.0,3893.5625,82.31465543872957
,0.3,3860.46875,99.89803795973017
,2.3,3838.84375,95.88868799129682
,4.3,3900.296875,90.72925360570527
,0.5,3873.609375,85.1344500378053
,0.5,3851.78125,98.72538611801684
,0.7,3789.53125,99.52389608086064
,3.0,3815.765625,99.92353481140185
,4.3,3862.625,92.730768322081
,1.0,3835.59375,100.0
,3.0,3861.015625,90.33119472034505
,7.8,3864.8125,80.73946809773679
,0.3,3895.28125,99.9238656007632
,2.2,3845.03125,93.88957900274293
,9.4,3906.921875,72.74132489323434
,0.5,3887.109375,95.12859199265314
,0.5,3839.03125,99.92520428668887
,9.0,3905.078125,70.34680227842661
,0.3,3878.875,98.30695060685287
,0.7,3850.109375,99.49703160279347
,1.5,3805.390625,99.89307724095366
,4.5,3842.125,88.73013158571236
,4.8,3867.40625,89.9332227858591
,1.0,3810.078125,99.92531871469619
,3.0,3836.609375,99.92535556326713
,7.5,3874.484375,78.34065820499237
,0.3,3844.8125,99.90234704983185
,2.0,3900.703125,54.80412431761543
,0.4,3859.28125,100.0
,1.3,3827.296875,98.93220968388064
,4.0,3838.28125,89.05946195845296
,6.7,3879.890625,85.92873284721382
,4.0,3912.015625,89.53343645914228
,0.3,3848.5625,73.94447421527943
,2.0,3873.375,99.92110618387738
,3.2,3884.28125,84.31888463496533
,0.5,3813.890625,99.89904214312956
,7.8,3845.15625,82.33261322380721
,3.7,3899.09375,86.3345418379208
,0.5,3886.671875,87.53293454697118
,0.5,3808.96875,99.9247078228211
,4.3,3859.25,99.92142398561681
,2.3,3890.671875,90.31109794035679
,1.0,3866.640625,99.89909542348009
,0.5,3804.234375,100.0
,7.1,3846.671875,82.33535528859814
,1.8,3906.5625,94.72880514767253
,0.0,3879.515625,88.73210095625656
,0.5,3856.0,99.92149588705881
,0.5,3799.734375,100.0
,3.8,3828.875,99.8984760922912
,2.0,3886.609375,99.89677586387693
,0.7,3859.640625,99.8981784656542
,4.0,3829.796875,87.34128533401457
,6.2,3855.09375,90.71681658691627
,5.2,3897.765625,86.53661611678208
,0.0,3867.9375,97.92377054068105
,1.0,3802.171875,100.0
,21.6,3807.375,25.980213312827555
,12.3,3833.90625,62.75099987674489
,2.8,3911.609375,99.92156197696568
,0.3,3886.453125,87.93240468907943
,0.3,3856.796875,99.9218541172531
,2.7,3809.578125,100.0
,7.7,3852.90625,80.81419818982248
,10.1,3895.265625,66.34810245893674
,0.0,3872.171875,99.52466192207274
,0.0,3814.25,99.92449982324676
,5.2,3848.59375,98.32469253311864
,6.8,3920.109375,81.51904410201796
,0.3,3890.65625,93.90367220180553
,0.3,3867.9375,99.09633602172049
,0.8,3816.8125,99.50080315259366
,5.0,3866.484375,99.90624349890643
,1.8,3890.984375,85.91256952276194
,1.7,3837.53125,99.89429326350762
,1.2,3852.984375,100.0
,5.5,3889.46875,84.73336018684626
,0.5,3827.0625,99.9243404822563
,3.8,3847.578125,96.32731728970839
,2.2,3887.3125,99.9207828980582
,1.3,3877.984375,99.12579859343744
,0.5,3852.0,93.10708052887047
,4.3,3878.46875,88.72442284563195
,1.0,3895.5625,94.72679342974392
,0.3,3869.46875,100.0
,1.7,3827.328125,99.92251518772376
,3.2,3873.890625,99.92072169087575
,1.8,3840.0625,98.29891540020061
,1.5,3853.625,99.90071846824796
,5.3,3896.671875,87.53062821873402
,3.7,3881.5625,99.92129659501985
,0.7,3892.203125,99.92474685625675
,2.5,3916.203125,99.92469315332458
,0.5,3886.8125,78.74032594668455
,2.0,3862.921875,100.0
,3.0,3889.515625,99.89728989490676
,0.5,3836.828125,99.89866678896931
,3.8,3866.8125,97.92428015209659
,1.2,3882.890625,99.92471700578864
,0.5,3832.953125,99.92508867328573
,3.2,3866.890625,99.9250071651836
,1.8,3870.125,98.32554661949546
,9.3,3911.546875,68.33143377629305
,0.8,3886.890625,100.0
,5.8,3866.890625,87.53276099894514
,5.2,3895.296875,86.3358100124212
,5.2,3861.1875,87.93385650937702
,2.8,3896.203125,86.33414206616692
,0.5,3866.28125,99.52395155909034
,1.0,3819.125,99.90902605612465
,4.5,3868.578125,87.93306727586416
,2.2,3887.78125,99.92488116033589
,0.3,3869.0,99.52569542697573
,2.5,3822.78125,100.0
,3.0,3873.375,99.92436884463643
,1.5,3896.40625,99.90013174108621
,0.5,3876.015625,99.89954769299196
,0.3,3813.859375,99.09717241466271
,2.5,3832.53125,100.0
,3.0,3877.4375,91.91440756052482
,1.5,3866.796875,98.3257625682618
,0.3,3813.515625,99.92562045530818
,3.8,3837.71875,99.52137473469867
,3.0,3884.640625,98.70433930045468
,2.2,3854.21875,99.50376712374516
,2.5,3907.375,83.51425725226083
,0.7,3880.90625,85.5092146036196
,1.0,3855.796875,99.89545392481138
,0.2,3802.8125,99.09803733375426
,6.2,3836.859375,89.92925409576571
,3.7,3898.453125,99.92079238250489
,0.5,3871.09375,100.0
,2.0,3827.359375,99.9207905925479
,7.8,3872.25,80.73546097208907
,1.5,3877.046875,95.10294905969532
,0.3,3807.515625,99.09531293007426
,1.2,3813.9375,100.0
,8.3,3860.703125,80.73738355610372
,3.0,3873.8125,95.12805303145174
,0.2,3810.140625,99.92611374317659
,11.5,3828.09375,67.94812520602996
,12.5,3858.875,59.55249353958926
,18.3,3871.859375,33.97464034431982
,2.5,3890.203125,91.92988277867737
,7.2,3860.84375,79.13944336350185
,1.0,3889.953125,97.92332390318099
,0.5,3862.078125,100.0
,2.3,3850.703125,94.15293310587984
,7.8,3861.078125,82.71611774551432
,1.8,3902.28125,99.12394211627303
,0.0,3883.359375,99.92290336758211
,0.0,3836.78125,99.92438823335476
,1.7,3871.9375,99.92492058912492
,0.8,3843.90625,100.0
,5.5,3872.96875,87.53198065227309
,2.0,3890.15625,91.53146270079534
,1.3,3881.6875,99.12369974159144
,0.0,3878.09375,94.32612453445536
,0.5,3827.8125,99.52422075441693
,3.5,3858.4375,99.90254247854259
,2.7,3861.59375,99.83251319226162
,3.3,3903.671875,78.33595683086595
,0.7,3857.703125,99.52478424936618
,2.0,3892.6875,99.52423717107222
,1.8,3876.828125,99.92237979739862
,0.8,3893.234375,93.52894661792305
,2.7,3867.46875,99.50573382846312
,2.0,3894.5625,79.11640244900441
,0.7,3863.6875,99.8958685445208
,0.2,3810.71875,99.60919609569436
,4.3,3853.875,99.92410284333978
,3.0,3890.796875,91.13047828844154
,0.3,3861.625,100.0
,7.5,3839.203125,84.73648272587397
,3.3,3884.03125,92.72948330049167
,0.0,3879.890625,95.50242537403784
,0.5,3848.921875,99.49538486786577
,1.7,3810.28125,100.0
,2.3,3848.40625,99.92447248370017
,3.0,3881.234375,99.92514737501037
,0.5,3864.578125,99.92565590919416
,2.8,3850.46875,99.92500307350826
,0.8,3905.25,95.50423265165088
,0.5,3855.25,99.89885641751994
,6.7,3900.625,82.73569632549021
,0.2,3836.046875,99.92333332597609
,1.8,3842.265625,98.72357551000543
,2.5,3893.328125,96.3276404131855
,0.5,3873.78125,99.92550963011013
,4.0,3855.421875,88.3316020882646
,7.2,3908.328125,75.94030689267169
,0.7,3851.34375,84.73320220700498
,0.5,3872.4375,99.92551690685673
,0.3,3878.65625,99.52443160118001
,0.5,3817.328125,99.90273927904786
,5.3,3837.140625,88.73190333402734
,7.0,3879.421875,84.32239220087602
,4.0,3844.109375,73.1430013282328
,5.1,3874.203125,88.84530144734887
,0.3,3888.984375,55.25281309953082
,3.1,3841.203125,100.0
,8.5,3877.171875,99.5240188925173
,3.5,3895.203125,94.32662426466408
,0.9,3856.625,100.0
,3.1,3848.234375,99.78046025723064
,4.0,3896.921875,92.72911361231239
,0.3,3865.671875,99.92362856854076
,0.3,3811.6875,100.0
,3.3,3858.0625,99.9234640229025
,1.3,3897.546875,99.92392981074477
,1.0,3868.421875,97.50013605890886
,0.3,3807.203125,99.49488326082275
,1.7,3807.8125,100.0
,3.0,3852.765625,92.45426441959845
,2.5,3890.40625,99.92434217934907
,0.3,3854.96875,99.92302548515364
,1.5,3811.984375,98.3246592264296
,6.9,3860.5,99.90220453375235
,2.0,3898.28125,69.94503320790028
,0.2,3871.296875,95.12685402403572
,0.5,3841.984375,99.92252994956883
,2.0,3827.25,99.92549386770419
,13.0,3855.8125,60.355046347934746
,12.2,3883.625,64.3507986677806
,6.3,3893.8125,82.33797612276643
,1.0,3868.78125,99.92327860167978
,4.7,3830.09375,95.4551600600142
,10.5,3858.4375,74.71524467732843
,13.2,3903.359375,59.54135568493517
,0.3,3879.65625,99.89821580539652
,0.3,3825.046875,99.8974840026527
,5.5,3860.84375,90.72930101450338
,4.7,3902.75,79.94205616052383
,1.5,3877.90625,91.93280493433426
,0.3,3808.96875,99.9253678383807
,2.2,3814.75,99.91936787598068
,4.0,3865.5,99.49863018585583
,2.0,3887.515625,99.89865921406606
,6.0,3871.984375,99.91866519172814
,1.3,3843.734375,99.9243803290802
,3.5,3903.1875,95.12776892398291
,0.3,3882.359375,100.0
,1.7,3858.109375,99.92249979821433
,0.5,3901.0625,91.50723601163789
,0.7,3852.1875,95.50177002261354
,5.2,3892.296875,90.7274220513709
,1.5,3861.140625,97.92554906633187
,4.0,3896.28125,75.54244383534378
,0.5,3875.140625,61.1539015247721
,1.5,3829.046875,99.92320211795062
,4.5,3855.0625,87.4988484422739
,2.7,3901.09375,81.13402514313204
,0.5,3872.8125,99.52498104342268
,0.2,3805.09375,99.92462087531351
,4.0,3852.640625,99.92421966334678
,2.2,3883.046875,88.34341193566463
,0.2,3861.171875,99.0971604292144
,0.5,3806.953125,99.09627692526642
,3.5,3862.390625,99.89688943679205
,4.9,3889.890625,69.14588559930127
,0.5,3859.65625,99.92498221991822
,0.5,3805.125,99.52389198251306
,4.0,3853.875,99.12438485093503
,1.8,3902.796875,89.13174691253845
,0.2,3873.765625,85.90948825433064
,2.0,3845.5625,99.49687199261692
,4.3,3821.75,99.91001693407428
,5.8,3869.59375,85.52941676440076
,2.5,3891.125,87.5329425095878
,0.0,3869.03125,99.9228698451637
,0.3,3840.609375,64.21203681779889
,2.8,3843.0625,100.0
,8.7,3878.0,77.94025558993899
,0.5,3856.375,99.92462887261804
,3.7,3821.203125,92.72924061678341
,7.3,3863.1875,79.13718256351059
,4.5,3891.21875,86.73227502657272
,3.0,3871.03125,100.0
,1.0,3884.125,76.32149074543337
,0.5,3859.703125,99.89745567876774
,1.5,3815.703125,100.0
,5.0,3826.75,88.71672340469397
,2.8,3872.375,99.12455054882399
,1.5,3865.34375,100.0
,0.5,3808.84375,99.52511022540142
,2.5,3823.953125,99.92454699329896
,3.5,3872.546875,99.49951026621825
,4.5,3858.765625,89.93184621750031
,2.0,3896.21875,93.92739029406954
,1.0,3849.765625,99.52268349410333
,4.5,3895.09375,81.93870665259901
,0.3,3870.078125,99.92852892000099
,0.3,3843.484375,99.90196469960482
,2.5,3804.34375,100.0
,5.7,3852.46875,91.13122143856467
,1.5,3881.921875,94.33161874146556
,0.5,3851.28125,98.32699081778638
,1.8,3810.71875,100.0
,4.2,3847.921875,99.48905368797415
,7.0,3884.265625,83.53681134116607
,0.0,3862.1875,99.92707450374742
,1.8,3829.203125,100.0
,3.5,3887.71875,99.92441757217304
,0.0,3863.109375,99.52692823277401
,0.5,3800.765625,99.89835103730428
,2.5,3818.421875,99.90601579952887
,9.5,3852.375,76.34105036067211
,1.7,3879.625,99.5268328536396
,0.5,3850.078125,99.92495634474
,5.3,3808.921875,86.71480747390123
,14.5,3825.59375,65.94991243362567
,9.0,3864.484375,89.52780764473523
,0.6,3800.71875,99.48811825242373
,4.2,3846.375,99.92229822397498
,1.8,3897.15625,96.69971775660213
,0.5,3872.5625,97.09527632933118
,0.5,3841.578125,99.89750616918258
,5.3,3820.421875,93.92751688450997
,4.7,3863.828125,86.73118313872027
,4.7,3896.828125,83.13487106540136
,0.3,3872.734375,95.12722556791881
,0.3,3844.296875,99.92475827104327
,0.2,3795.359375,89.51630538957198
,2.0,3809.875,99.12558233909672
,4.7,3853.609375,91.1312584363127
,2.0,3858.015625,99.92468464455362
,1.3,3803.0,99.92564823720359
,5.7,3847.3125,95.52811537987972
,7.0,3888.46875,80.73780387822107
,2.0,3840.859375,95.11432718249519
,2.5,3897.203125,89.1326905678346
,0.0,3865.546875,95.13065403154893
,0.7,3795.53125,99.92400308740672
,3.8,3849.859375,93.89949356742578
,4.0,3887.625,79.9392737195061
,0.5,3867.421875,100.0
,2.7,3832.75,99.92357265829914
,3.2,3903.921875,99.12562970879482
,0.7,3881.296875,68.34912897118811
,0.0,3860.125,99.89735328073846
,0.7,3844.640625,100.0
,2.2,3792.53125,99.92220316750883
,1.8,3837.90625,99.92562205945067
,5.3,3883.140625,89.13227116070982
,0.3,3857.3125,99.92169676066258
,0.5,3808.234375,100.0
,6.0,3842.171875,84.71573639258806
,6.0,3894.859375,85.13378523250412
,0.7,3849.0625,98.72503186938934
,3.2,3891.4375,96.72630421942003
,1.0,3830.03125,100.0
,1.8,3864.703125,99.92110578868957
,1.0,3879.9375,93.5043839965384
,0.2,3839.40625,99.89838038407075
,2.5,3865.859375,94.6905649611113
,3.0,3881.8125,93.12733098690582
,1.5,3855.65625,99.52479566474318
,2.0,3900.453125,92.3289098955252
,0.3,3873.75,95.52743954012853
,1.2,3848.484375,100.0
,1.3,3819.34375,99.07158103175851
,5.0,3871.375,99.8983146036546
,3.5,3883.3125,83.93451723050113
,0.5,3851.234375,100.0
,2.5,3836.390625,97.34145719460201
,4.7,3878.0,98.70423164514742
,0.8,3884.9375,97.52508318108971
,0.3,3833.78125,99.89909321605057
,2.3,3864.234375,99.89766484371772
,0.7,3891.078125,100.0
,1.5,3833.140625,99.90787844252415
,6.0,3873.65625,84.33529222835979
,3.7,3848.09375,91.53056327780622
,2.7,3868.171875,96.32547202232922
,0.5,3877.359375,99.92261122115929
,4.0,3853.1875,89.52588707154135
,4.0,3897.6875,80.71638647074042
,3.0,3874.34375,93.51346507222165
,1.5,3887.890625,82.71484489060794
,0.7,3864.5625,98.69711536729248
,0.5,3814.34375,99.49586831391134
,2.7,3836.0,100.0
,13.5,3862.484375,51.958583346631734
,3.8,3878.84375,90.73072572899451
,0.7,3850.71875,99.9206504181934
,1.8,3821.5,99.92337596168434
,13.3,3844.515625,52.339672931112524
,5.8,3893.796875,86.7303320328912
,0.0,3851.25,99.92616086825514
,3.5,3874.21875,91.9272709984802
,1.0,3876.703125,99.92352992943316
,3.0,3833.4375,99.10535525720967
,5.0,3909.953125,99.50150198342492
,0.5,3883.765625,98.69718428060162
,0.0,3853.21875,99.89805891825372
,1.0,3823.625,100.0
,10.2,3827.71875,72.73077347599346
,8.2,3867.984375,79.13817093071846
,0.8,3872.59375,90.72916892012152
,0.3,3836.78125,99.92256361124129
,2.0,3801.09375,99.52127496708326
,5.1,3845.34375,94.32643595449902
,1.0,3882.203125,100.0
,0.7,3862.453125,99.1252103247992
,8.3,3828.96875,73.54212536544618
,8.7,3870.71875,79.93581337953201
,0.8,3884.5625,99.09823571985682
,1.2,3874.609375,100.0
,3.5,3842.953125,99.89755006079957
,6.5,3907.671875,85.5345810212829
,0.0,3885.140625,98.72698133639157
,0.5,3855.984375,100.0
,0.7,3834.671875,99.82267665024064
,4.2,3855.203125,99.50846067069745
,2.2,3885.171875,90.70541214060108
,0.3,3854.921875,100.0
,3.5,3836.984375,99.23863759870505
,1.0,3909.6875,99.89808875279684
,0.5,3892.859375,85.51388878958055
,0.5,3863.578125,99.89746055818894
,1.7,3820.65625,100.0
,5.3,3863.421875,88.31001527474294
,1.0,3879.5625,91.52908025657237
,1.0,3837.015625,98.72494190079499
,1.3,3863.9375,99.52139302583575
,1.5,3842.078125,100.0
,1.5,3850.984375,99.10393923931376
,1.5,3850.421875,99.8970546849154
,0.5,3879.25,99.90015030711933
,4.2,3864.109375,89.12853273273883
,1.3,3892.640625,75.53972404724023
,0.2,3857.359375,99.52478962130797
,1.8,3881.375,97.52483643450698
,0.5,3841.046875,99.9236204784063
,4.7,3909.8125,98.70375763397749
,0.5,3851.125,91.50565867326982
,5.0,3880.0625,94.72635319533403
,0.8,3853.328125,91.0301604618517
,1.2,3867.84375,99.89801662944586
,1.5,3869.140625,99.9034263556827
,2.9,3861.0,99.7784397983279
,1.0,3847.96875,93.01461161225792
,6.3,3902.796875,84.68044670268087
,0.0,3877.25,94.7288377216284
,0.3,3852.46875,99.9256720901236
,1.7,3826.4375,99.84160676801498
,2.5,3870.578125,99.92579991035096
,0.3,3879.75,99.89841289092088
,0.3,3857.578125,99.89735967044369
,0.2,3798.5,99.89730046695155
,6.0,3824.421875,87.13259223242714
,5.5,3867.390625,89.93019150800694
,1.0,3885.09375,97.925898099265
,0.3,3859.640625,99.12431036201583
,2.0,3825.265625,99.52035157624294
,9.2,3863.5625,75.54454546654584
,3.0,3888.203125,82.73513508313259
,0.5,3858.46875,100.0
,1.8,3848.375,99.92408856923227
,5.2,3907.359375,52.253709099581556
,1.7,3860.171875,100.0
,8.8,3903.15625,73.94329222497717
,0.5,3884.484375,99.92473799875616
,0.7,3858.703125,99.92454387807483
,7.7,3893.65625,78.73991852806448
,0.0,3861.203125,99.92617314356657
,1.7,3815.875,100.0
,3.5,3858.21875,99.11195210195416
,2.2,3879.359375,99.1237833388144
,0.2,3848.109375,99.92662458883837
,3.8,3822.953125,99.92256788869301
,6.8,3863.984375,83.11320554411354
,3.8,3898.1875,71.54639365210636
,0.0,3875.71875,96.72727434124351
,0.0,3815.953125,99.92325223918971
,3.0,3835.078125,95.4974877469305
,10.3,3867.203125,65.54774324716152
,3.0,3884.109375,95.50566256838951
,3.3,3846.40625,99.50528111679834
,8.8,3881.578125,73.85738470640665
,1.5,3890.921875,92.32829452739999
,0.5,3846.03125,99.92001712791492
,1.8,3896.84375,99.92503734129946
,0.2,3869.890625,99.92607838196035
,0.5,3811.25,100.0
,1.7,3811.09375,99.92102691391725
,5.8,3852.625,90.72815492174338
,18.7,3870.71875,31.973380941526553
,14.3,3876.203125,66.74589258574622
,0.3,3854.234375,100.0
,1.7,3812.296875,99.92100513213498
,2.3,3857.671875,99.12352097084465
,3.3,3870.671875,93.52701448982653
,1.3,3890.265625,87.9318174157538
,0.7,3844.96875,99.52030126510849
,4.7,3875.203125,93.51522021941541
,0.5,3827.3125,99.89574261314958
,4.8,3855.171875,85.00622210105067
,7.3,3903.359375,75.94093398252467
,0.0,3843.546875,99.52317815739549
,4.5,3908.234375,93.52369064166332
,0.2,3884.859375,95.92627097574567
,1.5,3867.75,100.0
,0.3,3808.265625,99.89785732643402
,4.3,3837.671875,93.92657309138836
,1.8,3887.0,97.92653278967808
,0.8,3863.078125,100.0
,5.0,3909.109375,85.1346052034508
,0.3,3850.484375,99.92458802593359
,4.0,3906.46875,99.108463810368
,0.8,3878.140625,85.90921277289695
,0.5,3867.8125,100.0
,3.3,3842.78125,99.90102196574291
,1.5,3899.484375,89.10927677069016
,0.5,3869.453125,92.70517280788899
,1.5,3839.421875,95.56354419756488
,5.2,3884.171875,93.12726609731088
,0.5,3879.734375,99.92738078856893
,2.8,3851.21875,99.12492059791185
,4.5,3910.375,94.72897467353908
,0.5,3891.0625,99.9227380339308
,0.7,3840.328125,100.0
,3.8,3883.046875,88.73151453297574
,0.5,3866.328125,99.92515307082495
,1.3,3830.359375,99.92366650849921
,4.0,3872.71875,93.9279424389254
,0.8,3899.25,89.1319946755906
,1.5,3875.578125,99.9016847590038
,0.7,3897.546875,73.52336615743674
,0.3,3843.265625,99.89685200510102
,1.5,3876.078125,96.6844970290024
,2.8,3849.484375,92.32985783797062
,1.0,3864.015625,99.52294476387954
,3.7,3913.484375,97.5255171177639
,0.0,3853.15625,95.52578850798923
,8.5,3884.75,81.93831078017803
,0.7,3897.53125,95.50195625585599
,0.3,3866.765625,96.70077407359221
,1.7,3824.234375,99.8920423707397
,7.3,3849.15625,79.53873450379503
,2.2,3899.234375,90.33140332427722
,0.3,3836.90625,98.32546575333184
,0.5,3846.984375,99.92461815530034
,7.8,3885.609375,97.0562003707852
,1.7,3830.875,97.32709181624581
,5.7,3879.140625,94.72511667774933
,0.5,3884.171875,77.6632160551784
,2.1,3860.265625,100.0
,5.7,3891.9375,80.33533351075027
,0.0,3859.484375,99.92086335318879
,2.0,3814.4375,99.89509967106788
,6.3,3863.875,97.5008045367621
,4.0,3890.21875,85.13402980200622
,0.0,3878.3125,98.72387016855552
,4.0,3821.78125,90.72995910693068
,3.7,3874.78125,99.52430550053765
,0.8,3885.09375,97.92280714833569
,0.2,3859.625,100.0
,6.0,3833.625,92.3247138138729
,5.7,3876.140625,90.32841589935889
,1.0,3892.734375,77.935921957978
,0.5,3874.40625,100.0
,0.2,3811.125,99.92169257627191
,5.0,3863.28125,95.87204062200351
,1.5,3894.03125,95.89544173561983
,1.5,3864.84375,99.10851720391159
,0.0,3813.328125,99.09666040811405
,6.5,3859.546875,88.72793321911871
,3.0,3899.34375,75.1419084766633
,0.3,3870.140625,100.0
,0.3,3808.09375,99.12346776868421
,4.7,3846.328125,96.32725895380327
,4.0,3907.484375,86.7342814293102
,0.3,3881.6875,88.333037371441
,0.2,3860.75,97.52532682045783
,0.8,3814.578125,99.11362662816222
,13.2,3847.15625,66.33808853053503
,3.0,3900.84375,95.49973118928924
,0.7,3886.234375,99.89262163799522
,6.5,3869.53125,79.1334566762663
,12.2,3914.875,43.96537844929955
,0.3,3886.828125,81.9354008178011
,1.2,3871.0,99.92414008622579
,3.7,3842.015625,95.92450311140819
,5.3,3907.09375,83.93431609986352
,0.5,3885.375,72.74409835151248
,0.0,3846.6875,99.92349317519846
,2.8,3827.28125,99.92164612955892
,5.8,3870.140625,87.12996963105293
,1.2,3894.296875,95.09804559429301
,0.3,3867.171875,99.09494241057608
,0.3,3803.15625,99.88556211223563
,3.2,3813.578125,100.0
,6.0,3855.765625,87.13211909923493
,4.3,3883.359375,91.13017898370614
,0.5,3825.390625,99.92410384299241
,3.0,3872.21875,99.92383775011618
,1.5,3847.015625,94.32682870526565
,4.2,3878.421875,99.10224118232308
,1.2,3895.21875,91.5029679587015
,0.5,3870.875,99.89618579075156
,0.5,3818.890625,100.0
,2.0,3846.296875,99.49606372084551
,5.5,3897.0625,86.72949569306431
,0.3,3855.0,99.12462353909278
,2.0,3890.890625,99.92171754314148
,0.7,3864.25,100.0
,1.0,3877.234375,99.92158255016945
,0.3,3859.109375,99.49604573985799
,2.5,3848.359375,99.2674300824307
,3.0,3880.296875,98.8703114091019
,3.3,3889.765625,88.73035075127473
,1.8,3871.28125,99.5246883880886
,1.7,3898.046875,75.14313692702824
,1.0,3839.6875,99.12265606807584
,1.7,3860.921875,99.9243362046528
,7.5,3898.125,72.74415628258046
,0.7,3872.9375,99.92309557561364
,0.3,3812.828125,99.92340641578394
,3.0,3839.546875,99.92282211876355
,3.0,3890.140625,98.3240714906081
,0.3,3863.828125,99.90071495948285
,1.0,3805.9375,99.90577366963927
,3.0,3827.921875,99.50139751112104
,4.3,3871.4375,89.51642128870623
,2.2,3877.421875,99.52419014396838
,1.8,3863.109375,99.52919413723814
,1.0,3900.265625,86.33764020961469
,0.5,3878.015625,99.92775412659188
,0.3,3825.078125,99.9046133727246
,5.0,3856.234375,99.90528251140377
,1.0,3854.484375,99.10276562521977
,4.3,3879.890625,86.89296153422818
,2.0,3850.59375,95.98015863946317
,7.0,3915.703125,78.7392355068018
,0.2,3892.921875,93.929930428321
,0.3,3880.484375,99.9245871192631
,3.0,3842.75,97.9100881964279
,11.5,3870.15625,62.751117252569586
,5.7,3899.953125,82.33710267801281
,0.5,3848.359375,99.92475927070902
,5.8,3882.09375,85.93088835136393
,0.3,3880.5625,92.32699059185482
,0.0,3850.546875,99.89639903971658
,1.5,3811.921875,99.89456398525779
,4.5,3834.390625,84.73363400156768
,3.8,3881.0625,99.52300163029406
,1.0,3875.375,99.7775225634908
,1.5,3835.0,99.92246137095546
,3.7,3884.546875,99.92453969344568
,0.5,3857.546875,100.0
,0.8,3900.53125,99.89553454826789
,0.3,3877.671875,99.89987943890732
,0.5,3811.0625,99.10117917422033
,6.3,3843.875,88.73129377212395
,3.5,3902.96875,94.32883907773567
,0.3,3872.484375,97.52806016640237
,0.3,3816.28125,98.72979019449222
,4.5,3857.0,99.12910781535463
,0.3,3894.890625,97.9054359867795
,0.5,3843.953125,99.90462424842225
,6.5,3885.875,84.33544432896696
,1.5,3895.1875,65.15161658487067
,0.3,3862.8125,99.12639697044881
,1.0,3825.5,100.0
,7.8,3869.53125,92.33164224797225
,1.8,3845.1875,93.10844962525402
,11.2,3869.375,66.74646712304614
,18.0,3905.203125,36.37262843596565
,0.0,3880.890625,98.3263887335432
,0.3,3849.46875,99.92642336993778
,12.5,3803.609375,65.54823917554431
,6.5,3845.421875,89.11510691258798
,6.8,3902.859375,83.13779505381004
,0.5,3877.515625,87.13474487087854
,0.0,3816.484375,99.92531601789332
,5.0,3858.515625,99.92399202150798
,1.0,3893.0,73.14436360621477
,0.7,3858.5,99.89870552323183
,2.0,3827.015625,99.90168854668471
,1.8,3872.0,94.61351912280887
,2.3,3889.953125,94.32580868364278
,0.0,3812.65625,99.92288660637008
,3.3,3848.828125,99.1212843385618
,1.5,3892.90625,99.12331660290934
,0.3,3868.890625,99.12377519816829
,1.7,3827.96875,99.89410246735748
,2.5,3862.546875,99.89873366193807
,1.7,3888.6875,83.51022308503676
,0.7,3852.75,100.0
,3.8,3891.484375,89.12868198515419
,1.0,3851.71875,98.32104261111628
,4.0,3898.265625,88.33045107586544
,0.3,3871.359375,98.32443765517021
,1.7,3829.140625,99.9209810024876
,3.3,3873.953125,99.90117556252882
,0.7,3861.875,98.69723051363509
,0.5,3807.296875,99.89474990401402
,4.5,3842.359375,100.0
,1.2,3889.84375,80.73789180511999
,0.0,3839.359375,99.52457541557847
,4.3,3865.515625,98.7250114271873
,1.0,3852.125,99.92395087312454
,3.8,3849.96875,100.0
,3.5,3884.859375,78.3396151095206
,0.0,3860.59375,99.92485891191146
,0.2,3792.8125,99.90864269348894
,1.8,3804.3125,99.12090221013094
,4.3,3846.734375,91.92696125789539
,2.0,3834.296875,99.49807409177286
,3.8,3850.125,89.13131183748209
,1.8,3826.21875,96.32737177098056
,0.8,3858.5625,99.09215731093066
,5.0,3874.625,85.5329619005029
,0.8,3831.6875,99.12308149549986
,3.3,3890.78125,90.30943055822173
,0.5,3874.6875,99.90005280647681
,0.5,3851.453125,89.79962273717088
,1.6,3798.9375,100.0
,1.8,3840.21875,99.89874453635564
,18.0,3854.515625,37.81280136682903
,6.0,3892.78125,79.13711488492756
,0.5,3866.5,89.12774832599713
,0.0,3850.109375,99.92131526190636
,3.4,3829.59375,99.91636862422999
,4.0,3900.109375,84.33498683193207
,0.0,3876.953125,91.53009281055782
,0.5,3845.78125,99.92568097103825
,1.7,3805.609375,99.92403354188859
,7.3,3847.328125,77.11044030829943
,8.5,3867.125,73.52045072876614
,0.3,3791.96875,99.8964386551454
,5.5,3824.65625,88.72750634841621
,3.0,3893.6875,95.92400516370539
,0.5,3830.296875,94.72614345954452
,3.8,3896.875,94.32652331750623
,0.7,3879.125,99.9235901171662
,0.3,3823.890625,99.89691757447522
,3.8,3891.375,89.12893143147103
,0.5,3863.84375,98.32650675236302
,1.3,3791.984375,99.12413375684609
,2.3,3803.34375,99.12463444728438
,3.3,3849.859375,99.52332882182692
,1.2,3851.78125,99.49706520500115
,1.0,3793.71875,99.90063813850223
,5.0,3839.578125,98.70755354748071
,9.0,3882.109375,58.752969729500215
,0.7,3831.84375,99.52327012585542
,9.0,3888.96875,72.22294689731707
,0.5,3875.046875,95.5248898196822
,0.2,3799.078125,99.92084131576944
,9.5,3826.84375,79.13918224539533
,4.3,3889.828125,89.13259839124554
,0.2,3864.78125,95.12682549663215
,0.2,3804.84375,99.9223391617751
,10.5,3837.625,70.68497250560831
,9.0,3840.59375,87.5129450047786
,3.0,3903.625,99.8951074313053
,0.0,3839.25,82.71102684947628
,1.7,3851.484375,100.0
,3.0,3834.046875,99.89748230647211
,6.0,3910.90625,97.12633453034641
,0.0,3885.34375,75.14629647838417
,0.8,3833.171875,96.29778909701405
,3.7,3895.34375,95.9254904525718
,0.3,3868.296875,99.89861178962116
,0.3,3841.875,99.89668794263223
,2.5,3801.796875,99.9048570075108
,3.5,3849.078125,100.0
,2.5,3877.78125,96.30147626999637
,0.7,3855.953125,99.09706915551087
,2.5,3813.703125,99.89786910684647
,4.0,3853.59375,87.53111949511266
,1.8,3833.375,99.91954449584686
,2.3,3899.4375,95.1269444088781
,0.3,3873.9375,89.53170565380043
,0.2,3844.40625,99.52509642498045
,1.5,3804.09375,100.0
,4.2,3849.359375,99.89999840975203
,1.5,3880.3125,99.8949033653433
,0.3,3851.46875,99.89753688633981
,1.5,3807.40625,99.50637405251268
,3.7,3842.78125,90.29916951863227
,1.8,3877.9375,98.32158902307376
,0.3,3819.078125,99.12424756540715
,2.0,3863.359375,99.92232946781257
,1.2,3877.4375,93.12854507815118
,3.7,3859.453125,99.89894722384956
,1.3,3884.53125,99.89676099346525
,0.7,3831.9375,99.89683683261103
,0.8,3863.09375,100.0
,1.0,3865.28125,99.89746334642984
,0.2,3799.0,99.8967390363811
,6.0,3816.421875,84.73451505038955
,3.2,3864.796875,99.52359822217406
,0.8,3846.71875,99.92407717784648
,1.8,3896.28125,91.12856113539803
,0.5,3825.671875,97.92306428347986
,1.5,3842.046875,99.90280306683816
,1.5,3889.78125,100.0
,0.5,3866.375,99.89857080155319
,4.0,3821.21875,91.09897723115986
,5.5,3867.390625,91.92816614189651
,1.5,3888.0,99.92287742373898
,0.3,3858.78125,99.92463603299645
,1.3,3806.953125,99.92229882839426
,2.0,3843.28125,99.92097691114199
,2.3,3870.640625,95.50672124395936
,0.7,3844.140625,99.49936335364575
,1.8,3808.015625,99.92424414327542
,4.3,3850.4375,91.93066534285003
,1.5,3844.46875,99.92431084126144
,0.0,3844.46875,99.52856406316815
,7.0,3841.671875,81.90719742794586
,16.1,3862.21875,41.55483135396509
,6.7,3896.703125,66.34909663180763
,0.0,3839.890625,99.92707910707303
,3.5,3866.609375,93.5030528583352
,4.5,3828.359375,87.13281416488253
,4.5,3866.34375,99.89083230397839
,3.0,3891.9375,85.9327926415832
,3.2,3854.59375,91.52866376373964
,4.7,3904.9375,89.12909298136434
,0.0,3882.84375,99.12399232095801
,0.3,3836.265625,99.92293933097831
,5.2,3871.59375,90.70372162734603
,2.3,3882.953125,91.12637189810879
,0.5,3865.796875,100.0
,4.0,3854.71875,99.92250130926868
,2.0,3892.203125,86.73406165919246
,0.7,3833.828125,99.9239066328382
,3.2,3863.1875,99.90049402396254
,2.2,3896.921875,88.31111204023603
,0.5,3883.171875,99.89942395978856
,4.2,3846.34375,92.30784999432132
,4.8,3916.890625,91.93007586796783
,0.5,3891.203125,85.93471093136183
,0.5,3862.25,98.3285268648818
,0.3,3800.546875,99.92549714572625
,3.2,3819.90625,99.92443942518678
,4.5,3868.109375,99.90288969752679
,1.0,3878.625,95.50041332292233
,0.3,3823.40625,99.90090468875707
,15.8,3838.828125,45.16349497862277
,3.3,3910.3125,93.12762354368832
,0.0,3893.671875,71.14698838114795
,0.3,3877.265625,99.92684354754134
,0.2,3844.453125,99.92715420178804
,8.0,3827.421875,80.17076988275794
,8.0,3871.765625,83.535697153817
,1.7,3875.703125,99.92486330580014
,4.3,3832.78125,94.64669430416156
,3.5,3883.328125,98.31908467718247
,0.3,3889.28125,89.90726182678091
,5.5,3856.21875,81.13551640088271
,1.3,3902.921875,99.12454928043164
,0.5,3877.96875,99.92336956865053
,1.3,3844.421875,100.0
,2.2,3910.765625,99.92341211140004
,0.8,3854.078125,87.50888827095402
,0.7,3874.21875,99.8985934332827
,0.8,3840.5625,100.0
,3.5,3844.3125,88.73166172124958
,2.0,3860.71875,99.12439543621159
,2.8,3907.890625,90.33048392743923
,0.0,3852.015625,97.12714386581285
,1.7,3904.140625,98.32530187108173
,1.3,3880.21875,93.90438261559166
,0.5,3852.390625,99.89709121058675
,2.2,3828.28125,99.89913882853509
,5.8,3873.28125,86.32756487304778
,0.8,3869.921875,99.92684075766013
,0.3,3814.609375,99.9263785462422
,2.5,3834.625,99.92297996708999
,3.5,3855.203125,93.52950326057258
,4.5,3909.09375,89.13098977974883
,0.5,3891.53125,100.0
,4.0,3912.0625,93.92893092707479
,0.3,3890.9375,99.52394748389273
,1.5,3871.234375,99.92358114363323
,1.2,3855.125,95.50147285948059
,2.0,3910.578125,97.50276496209815
,0.3,3854.359375,92.30395810707266
,1.8,3871.90625,98.69899855793875
,4.0,3854.578125,89.92900824404585
,1.8,3893.9375,99.25678833307329
,1.5,3868.5625,99.92376435745881
,1.5,3898.4375,99.92578361313754
,1.5,3870.6875,99.89873665937344
,2.5,3899.859375,97.89790588430505
,0.3,3866.265625,98.30113894760014
,1.5,3824.90625,99.48860478389024
,1.0,3850.640625,99.92455966342901
,3.8,3877.703125,91.5315657918641
,0.5,3818.140625,100.0
,2.5,3859.140625,99.92294002839414
,2.5,3895.71875,96.3256571980246
,0.8,3845.265625,99.10079187609593
,5.5,3907.375,98.32399300588698
,1.5,3885.890625,94.72674051589028
,0.3,3852.109375,99.52563892796783
,2.3,3825.890625,98.72710218001646
,3.5,3870.546875,96.72882490227536
,2.0,3882.734375,94.70329324379544
,1.5,3836.53125,100.0
,5.0,3875.75,93.12531992814202
,7.5,3880.8125,75.94092601442219
,1.0,3810.90625,99.92656834975959
,7.0,3840.609375,83.51076207284221
,18.7,3854.25,33.17201005574451
,2.0,3899.34375,95.1033393520016
,0.0,3878.078125,94.7043482107214
,0.5,3855.265625,99.09733843646895
,0.8,3806.625,100.0
,11.7,3844.703125,73.5423575749018
,3.3,3903.125,94.33064764566058
,1.3,3876.796875,85.54117922655021
,0.2,3843.40625,99.13193115857491
,2.0,3808.875,100.0
,2.3,3861.546875,99.902454338008
,0.5,3889.828125,99.49975947240581
,4.0,3820.296875,99.52605581805865
,4.0,3870.875,100.0
,1.0,3887.75,85.93910904639299
,0.3,3853.28125,98.7243644014144
,3.5,3885.796875,92.33491598661668
,1.0,3858.515625,99.90397759006134
,1.5,3814.46875,99.92217750299139
,7.7,3856.78125,86.73502602464016
,15.0,3879.984375,51.91063671153899
,2.2,3893.671875,81.13443607586035
,1.0,3835.171875,100.0
,5.0,3866.671875,94.30288577549902
,7.5,3898.515625,75.14282215781614
,0.3,3872.84375,99.92214807250119
,0.7,3816.96875,99.9237013565624
,15.9,3836.546875,53.544032782657894
,6.5,3878.890625,82.73346433600074
,1.0,3879.328125,99.8952454429147
,0.0,3818.234375,99.89592553902618
,5.2,3852.296875,90.3271734300312
,4.5,3899.921875,83.53507979538234
,0.0,3840.75,79.93482107864787
,0.8,3861.578125,99.12053535023898
,1.5,3886.8125,98.32276274966789
,0.5,3862.15625,100.0
,2.0,3818.1875,99.90543091574402
,1.5,3835.71875,99.90183615027705
,5.5,3883.890625,99.9006531959628
,0.3,3869.671875,100.0
,2.0,3844.15625,99.08459101862711
,5.5,3885.78125,87.13150097285353
,0.8,3853.765625,87.53286473667566
,3.0,3875.328125,92.3272111660579
,0.7,3896.671875,100.0
,0.0,3819.25,99.9240606022224
,2.5,3845.015625,96.30965365893415
,5.0,3899.75,93.92853184930449
,1.0,3874.09375,99.92384432919083
,1.2,3894.828125,97.9266722230916
,0.3,3860.890625,98.86531737616473
,1.3,3821.875,99.89829915189156
,4.0,3864.71875,94.32834656619212
,3.2,3883.796875,91.92991145970034
,2.0,3861.515625,99.92381308440588
,1.8,3820.796875,99.92534786807435
,1.8,3868.734375,99.92458051684268
,1.5,3882.421875,83.5139600742944
,0.5,3849.65625,100.0
,2.3,3890.6875,99.89721087184726
,0.5,3862.96875,99.8947917950765
,2.2,3854.9375,99.49885356020087
,3.5,3894.046875,89.12985451939905
,1.5,3864.203125,99.52357296076455
,1.5,3898.0625,98.72489208164646
,0.2,3879.796875,90.65342359700074
,0.2,3826.765625,100.0
,5.8,3863.234375,99.90248568562559
,2.0,3884.6875,96.30046796632314
,0.3,3862.765625,100.0
,1.0,3812.78125,99.89852149508967
,5.5,3816.6875,99.11912978244739
,8.1,3853.140625,75.94157557043697
,2.7,3855.734375,93.73550406335247
,2.3,3836.6875,97.52487511975076
,5.5,3880.578125,85.93430177565827
,1.0,3848.953125,95.92446495003799
,4.0,3867.171875,90.33275242191316
,11.5,3896.046875,57.555832403355765
,0.3,3868.015625,99.92330345310513
,0.3,3812.9375,99.90045310406019
,7.3,3852.71875,99.51722038966831
,2.5,3894.140625,93.5312773325862
,0.3,3848.796875,99.92970532697461
,3.4,3801.734375,98.03042549480313
,5.1,3837.625,67.92157089466701
,17.2,3855.890625,43.166110797215204
,3.8,3902.578125,74.34372358832928
,0.5,3874.0625,91.13172929623666
,0.3,3817.34375,99.12896004580895
,4.3,3854.375,100.0
,3.2,3894.125,99.89793079721737
,0.3,3859.453125,99.90030190287195
,3.0,3846.703125,99.90193755828753
,1.7,3889.578125,99.8958998647709
,0.5,3861.25,99.89772941503395
,1.8,3827.578125,99.9089280965834
,8.0,3868.359375,78.33862522337208
,2.3,3895.6875,97.12716074594286
,0.2,3870.53125,99.92647349440846
,0.3,3855.71875,99.12617201895893
,2.7,3828.75,98.32579951298155
,3.5,3875.484375,88.33271256315093
,0.5,3867.703125,99.92324696204389
,4.0,3846.234375,95.5264720362395
,5.8,3912.40625,82.33795150683348
,0.2,3887.0625,97.92647093331539
,0.3,3856.984375,99.89986617088734
,0.5,3801.140625,99.10008056194714
,4.2,3824.84375,99.90876401768723
,3.8,3874.859375,99.89965918093708
,2.0,3861.765625,75.52227722592906
,0.3,3800.34375,100.0
,3.5,3839.125,99.92165512599094
,1.7,3897.109375,99.92271657686177
,1.0,3873.765625,99.52471265440421
,3.0,3806.71875,99.52286002007618
,3.8,3844.75,99.92305314936989
,4.0,3911.171875,99.89539774404746
,0.3,3886.984375,96.30004891367919
,0.7,3838.0,99.49423156799192
,5.0,3882.046875,100.0
,0.7,3874.265625,98.69992507444366
,1.0,3841.71875,99.6822891213135
,2.8,3863.703125,94.67961090492506
,3.7,3890.609375,93.52456001131192
,1.7,3877.015625,99.5228602284624
,1.5,3864.71875,100.0
,2.7,3901.34375,89.5317483549841
,0.5,3863.296875,99.12463929024547
,1.5,3901.09375,91.50534421243346
,1.3,3889.265625,91.90531346070344
,0.7,3863.46875,100.0
,0.8,3859.9375,98.90482132171415
,6.9,3879.390625,87.51927144629947
,0.8,3877.5,95.92597344079546
,0.2,3813.734375,99.92422226709931
,4.5,3860.375,96.72559286012468
,1.2,3895.734375,82.73577711129354
,0.3,3867.125,99.90026247027217
,0.0,3816.421875,99.89793746582323
,7.0,3863.34375,84.73322870121225
,1.3,3890.0625,93.52796101481678
,0.3,3863.203125,100.0
,0.5,3818.359375,100.0
,4.5,3867.515625,99.9201177592331
,1.3,3896.4375,74.72381771355107
,1.5,3850.953125,99.89966568711914
,4.0,3896.9375,89.12999355343803
,0.3,3868.3125,99.92351993302256
,0.5,3840.171875,99.92463115092016
,5.8,3884.5,89.93070038217739
,0.5,3858.71875,99.92500100442258
,4.2,3908.25,76.32054343658768
,0.7,3855.453125,92.3050593649606
,4.7,3905.265625,95.9019334640591
,0.5,3876.34375,99.09708252387107
,2.0,3828.984375,100.0
,5.2,3876.015625,99.90085607709726
,1.5,3904.5,96.29994473904358
,0.3,3874.84375,99.09800665508665
,1.7,3830.03125,98.69869537027242
,3.3,3848.625,95.11392589216813
,6.7,3897.296875,88.73161471590906
,0.2,3878.71875,98.72551584673737
,2.5,3836.25,99.92377175018913
,3.5,3884.015625,89.12156696657674
,0.7,3886.671875,72.72444510971928
,0.3,3875.65625,99.89876798142205
,7.5,3826.0,86.72691072815648
,2.5,3872.625,100.0
,4.8,3892.390625,71.94756676031912
,4.0,3874.046875,89.92949762649437
,2.0,3891.09375,92.73330666960577
,0.5,3868.5625,99.90368804078649
,1.8,3837.296875,100.0
,7.2,3879.15625,80.73774144103506
,0.8,3893.65625,91.93025471368996
,3.2,3856.796875,89.35779098175634
,7.7,3897.46875,83.13364786896368
,0.3,3867.015625,99.92353541583611
,8.5,3830.0625,73.94286751799645
,11.3,3861.265625,66.74475211192627
,2.0,3906.8125,99.52353007891452
,0.3,3852.578125,99.92137767863231
,2.3,3909.1875,99.92240585721807
,0.8,3885.453125,99.89444402829713
,0.5,3867.078125,99.49198405455255
,2.0,3837.125,99.89992163634638
,13.0,3867.21875,55.55350550089357
,5.0,3904.65625,81.53596955285354
,0.5,3873.21875,87.92930914915135
,0.0,3842.0,100.0
,4.0,3838.171875,99.1235586759214
,4.7,3882.03125,88.3309622770268
,1.8,3895.421875,99.12105138537743
,0.2,3873.625,99.9231475100345
,0.3,3849.71875,99.1233056258245
,2.3,3826.390625,99.92049604088925
,4.3,3874.25,97.50913369077531
,3.0,3886.734375,99.12212262857155
,0.2,3857.0,99.923696753548
,1.5,3812.375,100.0
,2.5,3848.90625,99.52458395970892
,2.8,3888.40625,99.12308751442012
,0.3,3860.03125,99.89931955941047
,2.3,3841.53125,100.0
,3.8,3875.140625,99.92246546242264
,0.3,3847.203125,95.53035101540938
,2.3,3908.109375,99.92593249686539
,0.0,3884.578125,99.92464554142262
,2.0,3863.59375,99.92309229774914
,0.5,3798.0625,99.89579728405458
,1.8,3804.328125,99.97294398765354
,3.5,3844.265625,100.0
,2.0,3825.625,99.92122308986336
,5.7,3859.203125,99.92390235527186
,0.8,3888.203125,98.32204330354605
,1.7,3840.421875,99.10101445343632
,4.5,3889.109375,79.53769985830199
,1.0,3859.03125,98.72391318807006
,0.0,3792.703125,99.92511543196431
,4.0,3839.171875,100.0
,1.2,3893.375,71.54420875155195
,0.3,3864.828125,94.27833201904309
,0.3,3840.515625,99.0945560600592
,0.7,3782.3125,99.89598611173325
,10.2,3815.046875,85.93261629117482
,3.5,3861.375,99.5231221706368
,0.7,3870.984375,98.32458522435445
,0.2,3847.875,99.52421987453994
,3.0,3812.671875,99.92468666713019
,2.3,3862.6875,99.89889691786611
,0.5,3880.078125,86.30926833358382
,0.5,3848.890625,99.49889281050021
,0.5,3801.828125,99.89947545135297
,14.7,3828.34375,54.758030155536794
,11.3,3858.765625,65.55085777315423
,0.3,3878.953125,88.51569204985303
,0.5,3849.59375,100.0
,0.2,3829.75,99.52382606168074
,5.8,3812.265625,90.33190014429202
,4.5,3857.65625,91.53075231360289
,2.7,3869.546875,94.72643136441108
,0.8,3821.953125,99.92289890412427
,3.0,3879.65625,98.3239050738679
,0.5,3814.78125,100.0
,2.5,3837.625,99.5051315948568
,7.0,3836.203125,78.33897440448177
,14.3,3900.453125,53.157853001913715
,1.0,3875.453125,95.12438904507393
,1.8,3831.6875,96.32740720288994
,7.7,3877.484375,78.74015944312485
,0.7,3847.84375,99.89731545370019
,0.0,3784.9375,99.49421793811796
,4.5,3828.71875,100.0
,5.0,3868.53125,87.13186191883656
,0.3,3839.859375,99.92334481018183
,2.0,3790.375,99.91810491568654
,4.0,3833.015625,97.5222014857572
,2.8,3883.703125,90.72958449735314
,1.5,3839.703125,93.89598484315393
,5.4,3887.734375,91.92623333403422
,2.7,3857.5,96.3253041479434
,1.0,3886.1875,97.52299380453844
,0.2,3871.4375,94.32703538516877
,1.0,3828.109375,99.92428426899632
,7.0,3868.3125,83.70647396861794
,0.0,3883.546875,91.93036366405597
,0.0,3824.296875,99.92339672161434
,4.8,3861.78125,89.92221154432319
,1.3,3872.765625,97.5208375441925
,0.5,3816.234375,99.8975689279332
,1.0,3846.671875,98.67873203611786
,18.0,3860.84375,41.966313935363495
,13.4,3872.265625,53.95805619281243
,1.0,3838.75,99.92319163341207
,1.5,3791.515625,99.91910190130874
,5.0,3828.640625,91.92821362102114
,1.8,3842.09375,99.89791281289799
,3.8,3895.3125,69.14409271968528
,0.2,3834.515625,91.93003039737737
,2.5,3888.375,87.13297165490391
,0.5,3870.109375,99.92313074874058
,0.2,3792.375,99.92376863501333
,5.5,3828.890625,94.30725703222778
,1.8,3883.859375,98.69621844708428
,0.5,3839.359375,99.89485626974214
,6.0,3889.0,82.33499002058115
,0.0,3863.390625,97.12497406095119
,0.7,3809.3125,99.52448263428882
,4.0,3862.515625,99.92433090414465
,2.2,3888.859375,94.72747871466714
,0.5,3864.3125,99.89982037184711
,0.3,3844.359375,100.0
,3.8,3836.421875,99.89686706142031
,2.0,3893.640625,94.2974546343028
,0.0,3869.09375,99.89484358390945
,2.2,3812.96875,98.28881854915811
,5.1,3844.5625,84.93992206792885
,3.0,3886.046875,87.13103707469422
,1.5,3849.0625,97.92467027530553
,3.8,3881.515625,89.12878593131754
,0.3,3830.578125,99.92161867534095
,4.8,3863.84375,92.32441004433524
,1.0,3870.46875,100.0
,0.0,3820.34375,99.92370984191837
,1.8,3847.734375,97.5262230644068
,1.3,3866.25,99.92361020300751
,1.5,3835.09375,99.91163533672837
,5.5,3871.109375,88.33046749520295
,1.0,3888.234375,91.12901042711599
,0.7,3861.734375,99.9244625800926
,3.5,3877.0,92.72903819076296
,0.0,3822.59375,99.12444695586873
,2.5,3848.140625,98.25562583585547
,5.5,3854.03125,90.72676834377545
,1.8,3909.890625,91.92982353456277
,0.2,3854.75,99.52327123725779
,1.5,3898.640625,77.53889942360664
,0.0,3869.140625,95.12723650093146
,0.5,3853.109375,99.90544320920193
,4.5,3840.234375,99.50147701096016
,2.3,3896.078125,99.89619675755344
,1.3,3873.03125,78.5644641862256
,0.8,3832.625,100.0
,4.5,3836.96875,91.91511996699444
,1.0,3867.453125,99.92366032465598
,0.3,3792.6875,99.9243500836176
,4.5,3834.578125,95.92631639172139
,4.2,3887.453125,83.9371343599318
,0.0,3876.609375,99.90791479018935
,6.0,3859.78125,79.93421429210133
,0.3,3889.109375,100.0
,0.3,3865.828125,100.0
,0.5,3840.96875,100.0
,1.5,3792.140625,98.32258590658437
,9.4,3817.984375,73.53889756292752
,8.5,3857.5625,74.34198871300654
,0.8,3821.921875,99.917977022165
,3.7,3887.984375,99.92485321613043
,0.5,3832.015625,99.92566309296822
,1.8,3890.6875,86.71494261343663
,0.3,3862.0,91.90640225661564
,0.0,3792.625,100.0
,2.2,3809.578125,98.72423329761595
,5.2,3856.578125,87.53367747959575
,1.0,3854.65625,99.92524543610463
,1.5,3815.25,100.0
,4.2,3854.328125,99.90083044678133
,1.2,3883.453125,97.8928186046153
,1.2,3838.359375,99.90254747464927
,0.5,3878.578125,93.10395515781066
,0.5,3805.84375,99.9024772038739
,3.8,3817.0625,90.70459274054348
,5.5,3864.28125,93.92734606507153
,1.0,3874.71875,98.72765524838017
,4.0,3818.375,93.12703561540052
,6.7,3901.78125,88.33505306528419
,0.0,3877.0,81.94074684976256
,0.5,3852.78125,99.10296787987747
,0.3,3784.265625,99.9009229529971
,3.0,3801.78125,99.92503855020432
,4.0,3851.234375,97.92939906911761
,1.0,3867.703125,79.14045336659005
,0.5,3783.59375,99.92612392609557
,5.5,3822.4375,90.33057002815463
,2.5,3896.71875,95.10671514692892
,0.0,3869.71875,95.1036554327195
,0.5,3838.921875,100.0
,0.5,3780.796875,99.10010421155512
,4.6,3831.15625,99.90172528488063
,2.5,3885.65625,99.89484488502035
,0.5,3863.078125,100.0
,0.3,3786.859375,99.0972351769711
,7.0,3815.71875,83.93134650841971
,2.3,3899.0625,99.92230770870933
,0.7,3871.609375,91.13055268559556
,0.5,3841.609375,99.52379531254822
,1.5,3792.203125,99.92386271805778
,2.8,3842.75,96.70203997501989
,7.1,3896.046875,63.151157949104416
,0.3,3849.4375,83.93195535067859
,1.3,3804.109375,99.92271457761206
,11.2,3836.75,72.7444617126728
,17.1,3854.203125,37.563175991569445
,5.3,3900.40625,87.12819930525747
,1.3,3876.375,90.33094965503817
,0.0,3845.5,99.52384335807614
,0.5,3794.0625,100.0
,8.0,3841.515625,86.33373030693866
,3.0,3885.0625,86.70547914430081
,0.5,3856.28125,99.89763758855963
,0.5,3798.359375,100.0
,7.2,3818.859375,83.53326110339749
,3.5,3864.921875,99.12343389182898
,1.0,3885.5,89.13061957486471
,0.0,3863.578125,99.92545511266532
,0.7,3803.453125,100.0
,4.3,3831.796875,99.9066385474721
,1.8,3880.953125,99.89852107684466
,1.0,3882.375,86.71127624561974
,0.5,3824.234375,100.0
,5.2,3853.203125,89.52889715099812
,4.0,3897.03125,99.52400187391558
,0.3,3865.6875,99.92481725135654
,1.5,3827.734375,100.0
,2.0,3846.8125,99.90345579838367
,1.5,3882.703125,100.0
,1.3,3830.078125,99.09599458163618
,3.3,3873.390625,99.89468285050627
,3.3,3854.828125,77.54100391773665
,2.7,3904.9375,91.92882135814796
,0.0,3880.859375,87.53301423429699
,0.7,3853.4375,99.92380599388821
,1.5,3809.34375,99.67586351738856
,5.2,3853.5,97.50383918814737
,9.5,3881.21875,69.14593154292245
,0.3,3851.75,99.92250070484694
,1.7,3812.234375,99.92110090695824
,6.0,3860.109375,89.49944218292998
,2.8,3888.484375,97.52386069163101
,9.5,3855.078125,71.53929345865862
,2.3,3883.921875,97.52364970866174
,0.5,3830.921875,100.0
,2.7,3863.484375,99.92320153676772
,1.8,3834.59375,95.52523726544891
,0.5,3845.984375,98.70659049583475
,6.0,3891.328125,87.13134365031553
,0.5,3869.34375,99.9247898883882
,3.5,3863.703125,97.12545253816882
,3.0,3897.640625,74.74286319672213
,0.5,3841.40625,85.5344980190822
,5.5,3869.046875,88.32563792497005
,5.2,3894.515625,66.74904699508201
,0.3,3863.15625,99.92488236923698
,1.7,3811.390625,99.12433699813351
,3.3,3866.578125,99.12627206389777
,3.7,3890.3125,85.91106297025081
,0.7,3863.171875,99.4963671770245
,0.3,3802.578125,99.89645543072064
,4.0,3839.8125,99.9009279489418
,8.8,3876.34375,92.7204802166315
,1.4,3875.65625,98.07592943803876
,0.5,3848.234375,99.9235456912195
,1.7,3804.15625,99.92191302439795
,2.2,3846.359375,97.57954995812196
,4.5,3872.34375,93.50445407008495
,0.5,3812.796875,100.0
,4.0,3851.15625,99.12024507418742
,0.8,3896.125,98.32658297633753
,0.3,3851.9375,99.92528765497548
,4.5,3892.21875,90.73314165056424
,0.7,3869.9375,100.0
,0.2,3806.296875,99.89985060246205
,5.3,3835.78125,94.19078991671405
,2.0,3883.875,100.0
,0.3,3850.09375,99.52537657890687
,0.7,3898.796875,96.72785920522529
,0.3,3870.859375,99.92358653705182
,0.5,3815.578125,99.899022764246
,4.5,3837.359375,97.92197645180548
,3.0,3882.546875,99.52491989107398
,0.0,3853.0625,99.92321490397623
,2.5,3838.90625,99.92323347859016
,3.5,3903.09375,99.92546159895947
,0.3,3846.09375,100.0
,1.2,3907.578125,99.49426743609914
,1.5,3849.65625,90.30892047880015
,0.2,3851.734375,98.29922001139956
,5.7,3889.359375,86.72878482698154
,0.0,3823.03125,99.12388068075158
,6.5,3835.59375,81.5106766940655
,11.7,3868.15625,63.945822795567686
,1.8,3850.203125,97.5215534737647
,7.7,3911.34375,79.53822575454853
,0.0,3885.09375,96.72432096381192
,0.7,3833.40625,99.91916408281514
,1.0,3842.4375,99.92037137244021
,9.0,3874.859375,70.33994704631455
,12.3,3847.03125,64.74434899691921
,6.5,3907.0,82.73264388493337
,0.5,3847.71875,80.73923524526039
,3.0,3908.453125,92.32832479297504
,1.7,3881.3125,75.93961304944699
,0.0,3850.84375,100.0
,1.0,3812.078125,99.90186359362528
,6.3,3858.90625,94.72525542598032
,1.0,3886.90625,99.92374968823931
,0.5,3818.71875,100.0
,3.8,3860.15625,90.32944503657862
,2.0,3901.125,74.34195737339834
,0.3,3869.59375,95.10090018823911
,1.5,3834.71875,99.8913780094429
,4.8,3872.015625,91.52646260489686
,0.5,3886.59375,99.9220283514915
,2.0,3846.28125,99.91820844877712
,5.0,3908.875,83.93423199629922
,0.5,3892.0625,86.73222266423952
,2.3,3874.484375,100.0
,2.7,3850.125,99.89646539848198
,2.0,3873.84375,99.90229455609084
,1.3,3874.28125,99.88793762541663
,3.3,3861.796875,100.0
,0.8,3896.375,73.52366398388641
,0.7,3850.0625,97.89874810411489
,4.8,3893.546875,94.72114729739423
,0.5,3827.53125,100.0
,3.5,3871.71875,95.119978507305
,1.0,3888.484375,74.342112999373
,0.3,3863.0625,99.92349108292785
,0.5,3806.078125,100.0
,3.0,3816.625,99.90090480494177
,2.3,3868.1875,97.50196995571724
,3.8,3879.21875,77.93880439828823
,3.3,3845.859375,96.32441308560888
,5.2,3907.625,95.52730294649557
,0.3,3881.140625,97.12673332116445
,0.3,3866.375,99.92461348245753
,3.5,3838.40625,99.5045300860506
,1.5,3907.046875,99.8954178882595
,0.7,3845.5,85.9116693895491
,5.0,3860.484375,85.4519330190479
,4.0,3885.265625,91.92995553996516
,0.5,3873.484375,99.92431032980915
,2.8,3849.390625,99.92647379664335
,8.5,3906.125,74.34325357881703
,0.0,3877.984375,78.32031431781147
,0.3,3808.046875,99.90224487415036
,1.5,3826.109375,99.12540752823656
,8.0,3866.953125,87.53422554838981
,2.2,3882.53125,92.73114490576152
,1.3,3860.953125,100.0
,0.5,3821.546875,99.12782511565733
,5.5,3871.4375,87.93416614695518
,1.3,3885.78125,86.33482947179996
,0.5,3821.0,99.12569368332748
,5.8,3865.4375,90.73159130262844
,0.3,3891.265625,79.94364075595186
,0.3,3864.09375,99.1017639074596
,0.7,3813.453125,99.90041536762119
,9.5,3856.265625,78.73908027385123
,2.5,3903.984375,99.92334350832841
,0.3,3883.75,99.92676617489364
,0.3,3859.625,99.92559381260125
,1.3,3821.328125,99.91744550744961
,3.5,3850.828125,99.9031599546373
,1.0,3882.390625,98.69739627801039
,1.3,3857.78125,99.89531470444014
,0.2,3798.453125,99.89588020829116
,4.5,3809.390625,90.72885987818462
,6.2,3851.734375,81.53871573703596
,6.5,3881.1875,85.87530741664452
,0.2,3826.1875,99.92159082594645
,3.5,3863.296875,92.3310659181902
,4.0,3890.171875,79.53989852834256
,1.2,3860.03125,99.9242810840451
,2.0,3879.65625,99.12336267901888
,0.5,3844.921875,99.92309027523712
,4.3,3890.78125,86.3346875628065
,0.0,3844.6875,99.90548162337255
,5.2,3893.265625,87.13337824491653
,0.3,3861.484375,99.9262171766214
,4.0,3853.3125,99.52154169366891
,5.0,3902.28125,95.53007705619544
,0.3,3873.328125,81.53855149118016
,1.2,3826.984375,99.89608000305958
,2.5,3868.640625,99.90105879639664
,2.5,3867.40625,100.0
,0.0,3810.078125,99.90286645966638
,4.7,3861.625,95.51757921905633
,2.7,3861.140625,96.32605704370084
,0.8,3893.1875,98.3278527222543
,0.0,3845.75,99.92884497871309
,3.8,3879.21875,93.1292992103696
,1.0,3857.625,99.90412880237626
,0.3,3845.265625,90.71040985209126
,8.8,3822.109375,77.93930111781599
,5.5,3870.921875,88.70687559774157
,1.5,3883.375,95.12823803309102
,3.8,3876.0625,99.12554015842507
,2.3,3891.296875,93.12974906084192
,0.5,3860.734375,100.0
,1.8,3812.859375,99.90149333044981
,4.8,3853.0625,93.8042059662886
,5.2,3891.046875,86.33396091170842
,0.7,3861.75,98.32897372853279
,0.0,3796.140625,99.92776333336876
,4.3,3839.796875,99.52497099414856
,1.7,3890.1875,89.1318900583655
,0.5,3864.921875,97.50666808606546
,0.3,3806.296875,99.9033489960562
,7.5,3833.71875,83.1356484339153
,2.5,3894.328125,97.5230218701297
,0.0,3845.625,97.52523070778093
,2.2,3883.046875,99.92525410770901
,1.7,3855.359375,99.92474569385502
,1.8,3836.0625,99.90005368946557
,5.5,3897.4375,85.93194988069277
,0.2,3844.328125,97.12881012338008
,2.3,3892.0625,93.92938960190845
,0.2,3865.875,99.92413920281119
,2.0,3834.34375,99.92323875573454
,3.5,3905.328125,98.70684276009759
,0.0,3887.046875,99.09981931059608
,2.0,3900.15625,97.89934145562424
,0.3,3884.734375,99.89992993177223
,0.7,3845.984375,99.90058055769947
,1.5,3810.296875,100.0
,5.3,3852.859375,89.92892135625631
,2.2,3870.578125,99.52565275169457
,0.0,3806.703125,99.92809263950365
,4.3,3840.125,97.92801233058542
,0.7,3895.734375,99.49939337024666
,0.5,3835.140625,99.90107954705452
,5.7,3864.265625,99.52389219090362
,1.0,3886.125,81.14139215579742
,0.2,3860.140625,99.9239285088761
,0.3,3814.328125,99.51165971075764
,3.8,3836.953125,99.9235791443489
,4.5,3882.015625,93.11027810108887
,0.3,3871.015625,99.90459689651192
,3.8,3843.875,89.90448673458779
,2.8,3901.765625,94.3278604240247
,0.0,3874.296875,92.33195513045456
,0.0,3813.703125,99.92872533465473
,3.5,3853.578125,99.92203153629912
,2.3,3890.328125,81.53795597745143
,1.0,3859.984375,100.0
,1.5,3806.015625,98.71809911786623
,1.3,3842.90625,99.92811881855103
,5.0,3879.078125,90.33196195295106
,0.5,3849.78125,99.92425053642113
,2.5,3824.5625,100.0
,2.8,3899.5625,99.90371360285395
,0.2,3873.890625,75.52923500421701
,1.0,3844.484375,98.7021901647697
,1.7,3837.109375,100.0
,6.0,3855.75,91.51029144796689
,3.2,3894.359375,81.53602790207981
,0.5,3878.109375,97.12600125057293
,0.0,3837.078125,100.0
,7.8,3819.828125,79.53818593274562
,6.5,3862.28125,85.5359594067198
,4.5,3891.703125,84.73464019223134
,0.0,3874.109375,99.52537129952249
,3.3,3852.375,97.52471872264607
,7.6,3900.796875,76.7410291890853
,0.5,3883.328125,89.1097257039298
,0.7,3856.8125,90.30640625354376
,1.5,3808.109375,99.5045203417974
,9.8,3834.28125,72.74368068529002
,2.5,3881.03125,99.52404165345908
,0.0,3874.765625,99.92342778015954
,2.8,3847.421875,92.33061760222348
,3.8,3903.484375,88.73273455891817
,0.5,3878.078125,93.50162991966313
,0.2,3823.0625,99.8974927856162
,5.0,3865.3125,99.89980849802873
,1.8,3890.484375,91.50348467037651
,1.3,3841.078125,100.0
,2.2,3857.234375,99.50248080282654
,2.3,3885.15625,99.89535092679245
,0.8,3820.234375,99.89989361315325
,5.8,3871.9375,86.72997733809112
,1.2,3887.734375,72.74418288723857
,2.0,3871.375,99.52411176556075
,1.0,3883.875,93.52855866273883
,0.5,3859.015625,99.92405114040298
,1.5,3821.8125,99.49582846432051
,4.0,3858.609375,94.72635451761788
,1.2,3866.953125,99.92381447926194
,0.2,3811.90625,99.36709122826653
,6.2,3859.6875,88.73365093712212
,1.5,3893.46875,99.12572993713681
,2.2,3871.1875,99.90588944750513
,1.8,3894.25,98.70515056846429
,0.5,3869.5,99.49968115561651
,0.7,3817.703125,99.89716774729004
,4.0,3860.953125,99.92487397667425
,4.5,3894.96875,82.33577118740922
,0.5,3866.84375,99.92508107112683
,0.0,3814.34375,99.92563951903392
,11.8,3846.90625,69.14810629358817
,2.8,3907.8125,98.70222526778419
,0.3,3889.171875,100.0
,1.3,3842.984375,99.90683775780491
,6.0,3916.1875,87.93241980727224
,0.3,3896.0625,99.52324458676202
,0.5,3837.1875,99.9236499562589
,5.0,3885.453125,92.32729482944788
,1.2,3892.046875,87.5328842460761
,1.0,3827.0625,99.90454391239516
,1.5,3833.515625,99.89757262236043
,10.0,3867.90625,75.1334185665925
,1.5,3870.046875,99.9242269631533
,0.5,3817.3125,99.9236814799123
,2.0,3848.203125,99.5260144623315
,2.8,3894.09375,91.92726779049548
,1.5,3866.96875,99.90135757881714
,2.0,3884.296875,97.50355183954534
,0.0,3824.234375,99.90458283712458
,6.8,3839.0,97.1193128865888
,6.7,3876.953125,93.92739505786726
,0.5,3844.84375,99.9237536868217
,2.0,3896.875,99.92676775582395
,0.3,3875.90625,99.92589306727778
,0.2,3827.515625,99.90505602482801
,10.7,3859.078125,74.7382559683377
,6.5,3889.078125,83.13552623414976
,0.7,3847.859375,99.92721341742157
,3.8,3885.109375,90.33245741304151
,0.0,3859.9375,99.92433799473682
,0.3,3805.125,99.89969621971339
,1.8,3808.671875,100.0
,7.7,3843.828125,85.1341701706407
,8.5,3878.203125,76.34378219705276
,0.5,3894.171875,83.54086644575368
,0.0,3848.078125,99.92637573313819
,3.8,3896.78125,91.12634404147131
,0.2,3849.6875,99.90159980348798
,4.3,3895.796875,93.52957859421373
,0.5,3840.8125,99.52748258853616
,2.5,3854.375,92.33305106291382
,5.0,3856.578125,95.526154161939
,3.0,3910.171875,83.13739396854642
,0.5,3852.671875,84.71906289382997
,1.8,3869.28125,99.90575670502069
,4.0,3879.765625,89.93160817677976
,0.3,3856.578125,100.0
,1.7,3814.640625,99.92060687821277
,0.5,3855.34375,99.9276000528276
,4.8,3882.3125,89.53199498115409
,0.3,3847.84375,99.89901988297379
,4.0,3895.40625,99.49679546229922
,2.5,3884.140625,96.70778670072674
,1.0,3898.796875,96.30203703269747
,4.3,3888.21875,87.92943943483041
,0.5,3856.484375,87.1324799084394
,3.0,3879.984375,93.20526034721094
,0.5,3856.890625,97.52132507666005
,3.5,3876.0625,93.52949390371633
,1.0,3848.546875,99.89770973459875
,10.0,3877.125,64.74908293850811
,9.5,3855.296875,59.55362618798456
,0.0,3856.421875,99.92595616393233
,5.2,3885.671875,85.13356389712763
,0.5,3841.953125,99.9243531755818
,4.5,3874.0625,92.32965976300392
,1.2,3895.25,94.07436330992198
,0.5,3870.15625,99.92417753836949
,0.5,3889.609375,95.92737012138424
,0.5,3866.640625,99.52452679047371
,1.8,3830.765625,100.0
,5.5,3877.546875,88.72957949642009
,1.8,3898.0625,91.52932884661578
,1.0,3871.96875,99.9256808547959
,1.0,3812.640625,99.92429956606411
,3.7,3834.265625,99.89927336585632
,4.8,3880.296875,87.53189982643029
,1.7,3888.96875,94.33047108293988
,0.2,3858.46875,99.92937182517679
,2.7,3822.78125,99.9163714772604
,3.7,3874.6875,99.92150576683181
,1.3,3860.78125,98.70222223730713
,3.8,3911.359375,75.54102737066673
,1.0,3860.703125,93.12843919381751
,4.2,3905.796875,86.73382504080661
,1.0,3884.328125,100.0
,0.2,3864.21875,99.12389098918398
,3.8,3837.875,99.9012435310001
,2.0,3888.15625,99.8963793830404
,0.7,3875.28125,86.30749397911288
,1.2,3813.5625,99.89567895054769
,2.3,3830.015625,97.89334303448376
,8.9,3870.8125,74.74232366789685
,0.8,3853.328125,100.0
,7.7,3875.0,84.33367138638233
,1.2,3856.609375,99.92380232076796
,9.5,3876.28125,65.81128310748757
,24.0,3880.34375,9.192633778378084
,9.3,3881.34375,71.94372388412206
,0.3,3900.234375,86.73278513384378
,3.5,3864.546875,91.53023346257334
,4.8,3902.546875,79.91751009956502
,0.5,3891.390625,97.90123185800866
,1.2,3866.265625,99.89500455017186
,0.0,3810.484375,99.89564402908921
,11.5,3840.3125,70.74271919234442
,3.2,3887.25,99.1243807920932
,0.3,3874.984375,91.13429033954552
,0.5,3817.0625,99.9301376457108
,4.3,3837.6875,91.9288129101704
,5.0,3880.765625,100.0
,0.5,3871.5625,99.85278025263675
,0.5,3823.734375,99.92379690407849
,8.1,3855.71875,92.32995398658534
,1.5,3861.640625,96.66402689339807
,1.7,3846.109375,99.4962159925319
,3.0,3853.59375,92.32332879306927
,3.3,3884.546875,94.32718461309871
,1.0,3874.59375,99.92482134301665
,0.0,3844.109375,94.32665744560315
,3.2,3877.234375,91.93010416412938
,1.8,3878.21875,99.89959521127079
,0.2,3856.65625,99.89890400484917
,2.8,3834.296875,99.50488983780755
,4.8,3883.890625,97.90818201078561
,2.8,3852.15625,94.30985194058118
,1.2,3895.84375,94.7003435230264
,3.0,3875.703125,89.13068609663819
,1.0,3889.0625,88.73078173668858
,0.2,3861.15625,99.92538911060171
,2.3,3835.875,99.5197778054302
,3.2,3892.65625,99.92537053518636
,0.7,3849.421875,97.10318986947252
,2.0,3896.765625,100.0
,0.7,3849.59375,99.902319606218
,1.8,3885.453125,99.89943822685028
,0.3,3824.09375,99.90146010124167
,2.3,3844.96875,100.0
,5.0,3890.78125,88.331391056804
,1.5,3859.421875,99.92561845594226
,1.3,3896.5625,92.730968749222
,0.3,3870.65625,99.92419832188034
,1.0,3837.265625,99.51633819020746
,5.5,3913.15625,99.90225674854791
,0.4,3803.890625,95.18917721768571
,2.0,3842.15625,100.0
,5.0,3886.3125,89.93215636069348
,0.3,3866.09375,99.9248066734868
,1.3,3824.125,99.92306493572549
,4.0,3876.34375,99.92453120794879
,2.5,3875.484375,99.503117281842
,0.3,3898.5625,83.5177072471725
,1.3,3856.328125,93.91053810674485
,5.0,3890.53125,87.133770486143
,0.5,3829.03125,99.92677786912928
,3.5,3874.546875,100.0
,1.5,3898.1875,89.53440951062534
,0.8,3862.5625,99.92673911309441
,8.5,3911.390625,39.016736160692226
,0.3,3865.1875,100.0
,3.0,3833.078125,96.26045438142428
,5.8,3874.9375,84.33519018077544
,1.2,3884.046875,99.89778617930784
,0.7,3816.953125,98.69934878597383
,4.3,3831.59375,100.0
,3.0,3884.375,99.48220948023676
,3.2,3879.25,89.12999855079187
,2.5,3860.71875,99.52249069159532
,1.7,3904.046875,99.12515336172572
,0.2,3835.703125,89.96784438491086
,0.8,3847.578125,99.10336531475942
,4.7,3889.15625,86.73187558125466
,0.5,3861.953125,99.12225898578896
,1.2,3819.21875,99.92406732081271
,4.0,3868.453125,92.32997482310778
,2.0,3892.25,98.7248579271924
,0.0,3861.546875,99.8949513671216
,4.0,3816.203125,88.71866008875912
,11.7,3855.734375,71.94422745541061
,13.7,3878.984375,51.94018812628221
,6.0,3901.59375,67.14771328001244
,0.2,3866.640625,93.28068822739588
,1.0,3801.46875,99.91239751530208
,3.8,3817.296875,92.33035761532742
,6.7,3859.890625,84.33674776262518
,7.5,3883.34375,80.33802845642151
,0.0,3828.953125,99.92573518649908
,3.7,3838.703125,93.52648679414293
,5.1,3880.65625,89.10766164330566
,9.5,3862.703125,63.55077312232229
,1.5,3833.984375,98.32287515549751
,6.5,3882.8125,90.3315190382984
,3.5,3887.6875,98.7250571120752
,2.2,3854.90625,99.52045409720269
,2.0,3897.171875,93.5048919777587
,1.0,3868.015625,100.0
,0.5,3842.984375,99.89922426782474
,3.0,3813.0625,99.92274163723148
,2.8,3856.234375,99.92388617491557
,1.7,3874.15625,100.0
,0.5,3846.734375,99.92559469604157
,2.0,3799.15625,99.91979078373875
,5.7,3829.609375,99.90457305365243
,4.3,3888.578125,99.90475050429086
,0.5,3840.640625,100.0
,2.5,3897.59375,93.50435065618208
,0.3,3876.109375,97.90147519415457
,0.5,3851.453125,99.89825412106654
,3.5,3853.03125,100.0
,1.2,3877.015625,75.52085029327698
,4.5,3842.578125,99.92160651738135
,2.0,3887.53125,99.92405630139517
,0.2,3867.40625,99.92643806319114
,0.7,3841.109375,100.0
,3.5,3802.65625,99.90476716646411
,5.3,3850.46875,98.69937096226896
,1.0,3881.734375,90.30643792808415
,0.5,3822.28125,99.49767449194343
,4.8,3885.46875,84.33502038324644
,1.0,3840.21875,99.12413018231598
,2.5,3880.171875,84.73557640214099
,0.8,3846.53125,99.92105367042052
,2.0,3875.25,98.72450733435106
,2.2,3848.390625,99.90235522947243
,1.2,3831.859375,88.307816896043
,0.5,3840.15625,99.8969235458931
,4.0,3828.46875,88.73151135387957
,1.8,3890.71875,99.5234633713152
,0.0,3839.203125,99.92569664050932
,2.5,3886.203125,99.92612741339707
,1.5,3862.953125,99.92349257076472
,1.8,3840.484375,71.12719250868815
,1.7,3854.9375,99.9049871448541
,0.5,3880.171875,99.89667597661854
,0.7,3849.734375,99.89641351502799
,2.0,3809.234375,100.0
,4.2,3843.5625,89.13128040092838
,2.3,3880.671875,99.92510122731211
,0.2,3856.609375,99.12602146761967
,0.5,3803.859375,99.92403993500737
,3.7,3838.203125,100.0
,3.3,3884.96875,99.89902118419347
,1.3,3854.9375,99.90078253230035
,1.3,3893.234375,96.61820773489474
,0.5,3844.234375,99.90260484857983
,5.0,3895.03125,62.26504618588889
,1.9,3855.84375,100.0
,0.0,3799.5,99.9244023913085
,2.8,3829.90625,100.0
,2.3,3879.5625,91.92846669413758
,1.0,3837.703125,99.90644561260375
,2.7,3885.765625,99.50099353355219
,0.5,3855.015625,99.89556726237612
,0.5,3792.65625,100.0
,5.1,3838.671875,97.10070975534289
,1.3,3873.90625,86.31314566570492
,0.0,3852.5625,99.90246623569301
,0.5,3783.3125,100.0
,7.2,3828.34375,84.33244887992308
,8.1,3886.03125,74.74416662213402
,1.0,3857.96875,99.12797332002157
,0.2,3791.03125,100.0
,10.6,3800.4375,71.54304437356264
,9.5,3837.890625,75.54196057301836
,5.5,3865.515625,80.74009449184068
,0.0,3835.75,99.52554832129114
,1.5,3781.90625,99.91640592508492
,7.8,3801.3125,73.53944086233568
,4.7,3852.140625,86.33434824854405
,2.8,3908.578125,85.53731142778538
,0.3,3880.765625,83.13967053080529
,0.7,3823.609375,99.1255649271694
,2.5,3883.90625,87.13274066027401
,0.0,3851.9375,99.9061242110749
,2.5,3813.0625,99.92116490416942
,2.5,3866.3125,93.10912967517186
,2.0,3833.4375,87.13071566316182
,10.3,3842.421875,63.950566788397026
,1.3,3892.203125,99.92628487693769
,2.0,3870.03125,99.90219475074599
,0.5,3809.296875,99.89780713772574
,6.2,3853.640625,93.1025292769678
,4.7,3892.140625,83.93466384167428
,0.3,3864.921875,99.12740294552388
,0.0,3804.390625,99.5287586028094
,4.2,3834.3125,96.72746069849771
,2.5,3877.53125,100.0
,1.2,3858.546875,99.89811770440323
,2.5,3840.53125,93.92803985764505
,4.8,3894.34375,89.53238889845714
,0.0,3842.390625,99.89962026004427
,2.2,3890.421875,93.52947960731399
,2.3,3845.125,94.72735208111219
,7.5,3892.1875,81.1180414086702
,0.3,3832.484375,99.89630115140463
,5.3,3854.734375,89.52977464469531
,2.8,3879.28125,90.73193008510978
,0.2,3846.0625,99.92470772982904
,7.2,3833.40625,88.7301291911431
,9.0,3871.171875,77.14088224410031
,0.0,3842.609375,95.50492751177512
,10.0,3870.3125,67.9484667942909
,0.7,3890.484375,93.92979358212894
,0.0,3865.40625,99.92378504780743
,0.5,3813.703125,99.91963603716033
,7.3,3862.3125,85.92972305629957
,2.5,3892.9375,93.90379641314357
,0.3,3838.34375,99.89599068896037
,4.0,3878.734375,99.8988348545263
,0.8,3878.328125,96.29879448775948
,0.3,3820.40625,99.89803277818969
,4.2,3841.6875,99.90443680563953
,2.8,3880.0,87.91033883608563
,0.3,3837.953125,99.89476177662993
,2.5,3807.265625,99.92421227055019
,4.0,3853.59375,91.5273383754256
,2.7,3888.265625,83.13754615457103
,0.0,3856.921875,99.92521807290179
,0.5,3812.65625,100.0
,5.3,3859.859375,97.10681263121558
,1.7,3898.859375,90.19622378107773
,0.2,3870.078125,99.90064062484187
,1.5,3831.875,96.09286606791294
,6.8,3874.984375,87.93073106158556
,0.3,3897.203125,99.52541974021074
,0.3,3877.546875,99.92389975153601
,1.5,3829.65625,99.912958424615
,3.5,3875.46875,100.0
,0.5,3883.71875,98.30040447602532
,0.5,3844.65625,99.89857807437686
,5.0,3900.03125,87.52677989802181
,0.2,3834.078125,98.7234703621857
,1.2,3853.34375,99.92232449297404
,3.3,3889.703125,95.12535227535867
,0.7,3845.765625,99.9237426907209
,1.8,3870.0625,99.50148168606383
,1.5,3877.921875,100.0
,0.8,3840.046875,99.89759309274527
,5.8,3879.953125,85.53326916358311
,1.0,3894.4375,87.13362779174533
,0.5,3862.0,99.92232816598562
,1.8,3836.984375,99.92545279536007
,3.3,3874.390625,99.88945495215296
,1.5,3888.234375,91.90827315443069
,0.5,3861.921875,99.09474037305714
,1.5,3837.796875,99.91343169166217
,6.7,3877.8125,85.53519708532751
,0.5,3877.828125,99.92556954124709
,0.3,3819.984375,99.12486089081426
,14.6,3843.125,53.95509300374266
,4.6,3905.078125,85.93565277401531
,0.0,3886.125,90.31268874954111
,0.5,3857.46875,99.9000880330931
,0.0,3805.4375,99.10159330672683
,6.0,3835.40625,99.12291845452795
,6.3,3874.5,95.52776620185215
,0.8,3873.796875,99.9256381241269
,1.7,3857.203125,98.17511453507994
,7.9,3868.46875,81.12321484755249
,1.5,3890.109375,91.12215188185142
,1.7,3859.46875,95.54188365691985
,3.3,3894.515625,91.92877505469514
,0.0,3870.171875,99.12347062827006
,0.5,3808.609375,99.92505931082516
,3.3,3833.828125,98.72519857701134
,1.8,3879.484375,100.0
,1.0,3855.34375,99.89837868785972
,1.3,3811.734375,99.09836103980139
,3.3,3861.609375,92.21194481266424
,3.0,3843.375,93.12959866963834
,2.0,3906.03125,99.12472895429633
,0.3,3889.71875,58.757208064964495
,0.2,3860.953125,99.92485042636035
,0.8,3807.125,99.09904314819508
,5.3,3857.3125,99.83019721082648
,3.0,3888.171875,90.7081641589016
,1.0,3867.234375,100.0
,0.7,3798.171875,99.0961667303896
,1.8,3820.265625,99.89746204525073
,5.5,3866.203125,86.73319887398993
,1.8,3878.46875,96.32539905482972
,0.0,3849.71875,100.0
,2.8,3818.5625,97.92538947344691
,16.2,3837.765625,47.16225595132539
,11.0,3864.734375,65.13552390884942
,3.5,3881.28125,87.53210870319582
,0.3,3850.234375,99.92558272310177
,1.7,3806.46875,99.91698886862692
,5.0,3847.234375,89.13024684326078
,5.3,3879.171875,87.13332156494242
,0.5,3858.546875,100.0
,2.7,3812.109375,99.90212868645631
,6.0,3848.640625,86.73200011998415
,4.0,3839.328125,93.13063098578249
,2.8,3854.3125,89.11713711376021
,8.7,3884.140625,70.74506482820581
,0.5,3842.71875,99.92595816331176
,9.1,3874.78125,71.14654489953827
,1.0,3829.0625,93.12613328471446
,0.3,3850.5625,99.92542744711906
,2.5,3883.75,93.12782202749311
,0.2,3853.75,99.92505391724758
,0.0,3841.265625,99.89979260431147
,4.3,3816.609375,97.51344561197392
,5.3,3860.546875,92.70631803057293
,2.0,3883.859375,86.71041322795807
,0.8,3864.375,99.49905214944494
,1.3,3885.46875,99.89833447021411
,0.5,3817.59375,99.4984466178846
,4.7,3823.265625,87.2464406038544
,5.5,3868.390625,93.52677329221102
,1.2,3883.25,99.12519318974631
,1.0,3851.375,99.9229792696736
,3.5,3825.15625,98.32134617002353
,3.3,3874.890625,91.92827012552075
,1.0,3878.109375,88.31079910137292
,0.5,3848.515625,99.89743820579667
,1.8,3809.375,99.90012525808004
,5.0,3856.9375,99.10001500695248
,3.0,3878.953125,100.0
,0.0,3815.578125,99.897349470151
,4.5,3857.796875,99.89856180927747
,1.0,3898.328125,86.70861839339925
,1.5,3853.1875,100.0
,5.2,3896.921875,94.72431308754744
,0.2,3869.734375,99.92578633321416
,0.3,3815.984375,99.92404072542938
,4.0,3841.375,100.0
,2.3,3888.765625,99.92228044010292
,0.5,3855.0625,99.50145444549072
,4.2,3842.90625,99.9014561044433
,2.7,3910.296875,93.10288633858599
,0.5,3850.984375,86.71021929286242
,3.2,3872.78125,91.49980222417241
,1.3,3879.734375,89.13011013085918
,0.5,3827.4375,99.52647731962772
,3.5,3855.609375,95.92125363446628
,2.5,3890.21875,97.127253236505
,0.3,3854.5625,99.89922345455912
,2.7,3816.484375,90.31698163855516
,4.7,3846.875,88.73180773332544
,4.8,3892.09375,91.13320920367929
,0.0,3862.015625,99.52498372940413
,0.7,3812.203125,98.72734005515929
,6.0,3836.75,85.93132942092225
,4.0,3885.46875,95.90395363619241
,0.2,3861.96875,100.0
,4.5,3839.65625,96.7256409948594
,5.0,3912.765625,85.5360140933096
,0.5,3850.46875,80.74278453164509
,2.2,3902.390625,91.93116379626996
,0.7,3845.265625,88.33512579886052
,3.7,3877.296875,99.90435047436883
,0.8,3875.203125,99.09958426853807
,0.5,3834.21875,99.49889410650118
,5.0,3871.3125,88.98895041631832
,1.0,3862.890625,99.92442545320561
,4.8,3838.71875,90.33196476912454
,7.0,3881.375,87.13210292279247
,0.5,3890.5625,99.92792589370858
,0.5,3867.171875,99.05427296873506
,3.5,3829.25,91.90390223711942
,3.3,3873.59375,100.0
,1.5,3872.390625,99.9003879250686
,0.3,3814.484375,99.89960060210038
,12.5,3839.0625,62.75008218520124
,4.5,3895.9375,89.53094987041979
,1.0,3853.375,92.7298874022114
,2.8,3893.4375,89.13206140678538
,0.3,3860.34375,99.52707233225972
,1.0,3813.34375,100.0
,5.0,3844.03125,95.9067339546104
,6.0,3879.71875,91.52789963200912
,0.3,3854.140625,99.92606559520193
,0.2,3801.140625,99.9240021110038
,4.2,3827.421875,97.525688832961
,2.8,3900.484375,99.12501540527408
,0.7,3873.40625,99.49235454503706
,0.3,3844.078125,99.8942819718496
,1.3,3800.15625,99.89396415686798
,5.6,3847.25,86.68245343082783
,4.8,3871.109375,89.52830097998348
,0.5,3846.703125,99.92221774328684
,9.5,3817.609375,74.3386897589053
,5.3,3860.890625,88.33223266096229
,1.0,3838.453125,99.4955681699851
,6.7,3856.8125,81.93370793365219
,3.2,3884.484375,97.51401593602684
,0.3,3858.46875,99.92369326641615
,0.3,3797.90625,99.92419441625347
,4.0,3830.734375,100.0
,0.8,3889.421875,96.54709952220075
,0.7,3819.890625,99.89338578014649
,1.2,3824.34375,100.0
,6.0,3870.28125,92.32576315830255
,0.5,3818.09375,99.92231768163047
,3.3,3870.03125,99.5194757113427
,0.5,3884.90625,95.92808396580446
,0.3,3830.46875,99.92604722877283
,5.3,3871.9375,88.33244529940532
,0.7,3871.953125,85.93657554312404
,0.3,3839.546875,99.92550721227764
,2.0,3805.59375,99.92226407429683
,3.0,3857.0,99.91810963441053
,1.8,3873.140625,99.89742921372485
,0.3,3857.140625,99.89808536039462
,2.5,3828.75,98.30181448456553
,12.3,3860.0,63.947312075846064
,0.5,3840.453125,91.13029707707308
,4.0,3869.15625,91.9302946877931
,1.0,3890.0,59.15512096120602
,0.3,3837.640625,99.92323668672192
,2.0,3866.234375,99.90378324793508
,2.0,3867.515625,99.89874514049
,0.3,3814.53125,99.4978064032714
,5.5,3855.90625,95.90307737908914
,1.8,3853.046875,96.29959149664964
,6.0,3902.328125,85.53579896924595
,0.0,3845.578125,99.12574746443326
,3.2,3901.328125,95.52848451879315
,1.0,3884.125,96.72574682843481
,0.2,3851.203125,100.0
,2.0,3814.203125,99.89964521588489
,6.0,3860.171875,87.93272329739791
,2.2,3874.0625,99.12399755590053
,0.2,3849.921875,100.0
,2.2,3814.234375,99.92412611432833
,3.2,3864.15625,99.92320162975699
,1.2,3872.03125,94.30351515428822
,1.3,3838.765625,99.9053655443447
,5.0,3898.078125,84.73542219911937
,0.5,3870.0625,87.53531952742104
,0.5,3845.46875,99.92398744171447
,4.5,3831.6875,96.72576654145468
,3.7,3901.515625,97.52699929304718
,0.7,3875.90625,91.90482390214237
,1.0,3854.109375,99.89881359360957
,1.8,3812.453125,99.12209548631209
,8.3,3851.859375,79.13878329884746
,6.0,3888.96875,77.54104151352375
,0.5,3879.09375,79.54032861334177
,0.3,3808.5,99.92593270610267
,5.2,3838.359375,97.45692397747514
,4.3,3883.34375,88.33212824305846
,3.0,3890.34375,99.12498081244271
,0.5,3854.203125,99.52498761944648
,3.0,3828.75,99.12014416514799
,10.5,3861.5,68.74840309025224
,3.7,3896.703125,85.53494117031451
,0.0,3872.5,99.12603731146609
,0.5,3803.265625,100.0
,7.0,3846.359375,88.33312212408882
,5.7,3920.0625,93.92805119913767
,0.0,3892.640625,77.12366184362354
,0.3,3864.859375,99.49448053947073
,0.5,3843.578125,99.90004260563411
,2.5,3841.71875,99.91028425486014
,4.7,3895.109375,89.50789798491121
,0.5,3874.71875,99.52033228991618
,1.0,3831.140625,99.92156527797633
,8.3,3872.109375,80.72608186257966
,4.3,3907.359375,89.53229210083767
,0.3,3883.0,99.50132791704303
,0.5,3861.921875,100.0
,0.5,3802.5625,99.89820372283839
,3.3,3834.859375,99.9221034386155
,11.5,3866.546875,62.752777466766396
,4.7,3878.25,89.93173354710679
,1.2,3850.09375,100.0
,1.5,3808.796875,99.91668627361425
,5.2,3819.953125,85.93461974318353
,8.3,3855.8125,75.94215045400516
,1.8,3874.484375,98.32633007882129
,0.3,3899.5,59.154216890575164
,2.3,3861.734375,91.47976560672593
,1.8,3893.421875,93.90469715720764
,0.2,3825.9375,99.5022335965724
,3.8,3852.640625,99.90244165024545
,3.0,3899.5,99.49702058719865
,1.0,3881.78125,99.49987558236435
,1.5,3846.828125,99.89972473076004
,3.0,3898.53125,99.89978024253489
,0.3,3882.65625,99.894040293806
,0.3,3810.390625,100.0
,3.2,3834.0,99.92416326424063
,8.8,3865.640625,91.52746630674017
,1.3,3884.34375,99.92435926651937
,0.3,3858.421875,99.52206336591796
,1.3,3818.25,100.0
,3.2,3856.828125,99.90415685118394
,5.7,3864.5,90.66765541601403
,2.7,3899.4375,94.7291900198693
,0.5,3849.3125,100.0
,3.5,3893.5,91.52930569961882
,0.0,3872.84375,99.92476603588936
,4.0,3831.140625,89.93118951104749
,6.2,3877.46875,89.9308399354703
,1.0,3886.75,100.0
,3.2,3867.53125,92.70107256868914
,4.2,3904.796875,89.128862154511
,1.0,3852.9375,89.912709857572
,3.2,3897.390625,100.0
,1.0,3866.015625,98.69762145308279
,0.5,3821.5625,99.8973315092762
,2.2,3827.609375,99.90207210314715
,2.3,3872.265625,95.50033489149658
,0.7,3861.859375,99.89741464517782
,3.8,3824.296875,89.74786298315313
,4.3,3868.5,99.89494019148565
,1.2,3890.234375,79.5380489253231
,0.3,3849.046875,99.92273215241475
,7.5,3889.171875,79.53892016289927
,0.0,3832.1875,97.8997526024805
,5.7,3858.4375,88.72907113446438
,0.5,3850.890625,99.92454239020664
,9.0,3905.734375,70.746500150321
,1.5,3888.390625,58.75437188286512
,0.2,3854.640625,99.52353487186244
,1.2,3845.765625,99.89587902332632
,5.3,3907.8125,86.3334627057177
,0.2,3885.046875,98.32122672253789
,0.8,3826.0625,98.72366122700454
,0.5,3841.34375,100.0
,2.5,3885.671875,99.52092167232507
,0.5,3827.0,99.096625881168
,3.3,3867.8125,99.89968422974266
,1.2,3843.359375,99.09253790409316
,0.8,3862.28125,99.89634664516544
,0.7,3879.265625,99.49305621913786
,0.3,3815.0,99.89185058418037
,5.7,3825.84375,97.92293121638674
,7.6,3864.171875,76.72483115483836
,3.7,3877.109375,93.92637410839222
,0.5,3854.46875,99.92471263516084
,0.3,3792.828125,99.12308802176209
,5.0,3819.6875,93.10877258732151
,12.5,3847.09375,59.154348334240446
,0.0,3886.9375,99.12535524653312
,0.5,3859.9375,99.92161358434029
,5.2,3810.015625,83.532906286665
,5.5,3855.0,88.73128774425749
,5.0,3899.328125,67.52835005120602
,0.3,3879.1875,90.30126909677513
,0.2,3851.90625,99.88928591919903
,2.0,3801.0,100.0
,3.3,3821.0,93.10035179957383
,2.8,3873.109375,99.5202550289198
,0.7,3853.703125,99.91910657363606
,4.3,3836.9375,90.72668803195867
,6.0,3881.015625,94.32542906418044
,0.7,3891.921875,62.748586995706965
,0.3,3848.875,99.89653707812978
,9.2,3899.1875,76.73851279396673
,0.3,3877.015625,99.92326853557744
,0.0,3823.046875,99.92255101135848
,9.0,3836.90625,77.1399725389713
,3.3,3911.859375,96.72431533811744
,0.3,3851.78125,77.11767703397547
,1.7,3874.484375,99.89881759019651
,0.0,3891.65625,99.81788586562604
,6.0,3873.0625,83.92736270822142
,1.0,3881.65625,52.262971609754906
,5.7,3842.484375,100.0
,3.2,3912.03125,93.52852193239066
,1.5,3885.578125,91.50874063155527
,0.5,3863.03125,100.0
,1.0,3810.1875,99.89510852331486
,8.5,3852.65625,74.34198738124562
,1.8,3892.171875,94.72888003694958
,0.0,3866.25,100.0
,0.5,3842.171875,99.92764357565356
,1.3,3801.296875,99.92202595707424
,4.0,3834.078125,95.10225979591083
,8.7,3870.953125,78.73327677031325
,3.5,3882.90625,94.32643275053348
,1.5,3851.984375,97.12565059635185
,3.8,3909.28125,91.13132125834566
,0.3,3886.28125,92.72941055349514
,0.7,3855.953125,99.89199158382142
,2.0,3836.84375,100.0
,4.3,3897.84375,99.50135029730292
,0.5,3845.90625,96.29880602261306
,2.5,3877.0625,99.899218179951
,1.5,3852.28125,100.0
,2.0,3891.96875,99.88211083989773
,2.2,3868.359375,99.52048602506954
,1.0,3856.40625,99.12263932593946
,1.5,3896.875,91.12883740518194
,0.3,3857.453125,99.91950604761541
,3.3,3894.8125,81.93527432227711
,0.5,3844.40625,99.89481066116824
,1.3,3899.140625,90.30285399399976
,0.7,3868.765625,97.49945418783255
,0.3,3813.6875,99.89608699670417
,11.7,3847.84375,75.93842736356471
,3.0,3896.1875,82.33415161545366
,1.5,3868.234375,94.72739203698151
,2.0,3838.71875,99.92135478086718
,3.0,3903.3125,98.72241898817734
,0.0,3879.375,95.0997119513701
,0.8,3806.953125,100.0
,4.3,3836.546875,99.91981205358533
,5.2,3882.984375,96.32157574388597
,1.5,3885.28125,98.32269918124268
,0.3,3865.703125,99.92278266838342
,0.5,3820.671875,100.0
,3.6,3875.46875,99.2615382445945
