inference_time,cpu_usage,ram_usage,disk_usage
0.11737574200014933,0.0,2302.640625,-1.0
0.11024967799858132,,,
0.11445078599899716,,,
0.11054390100071032,,,
0.10932598799990956,,,
