inference_time,cpu_usage,ram_usage,disk_usage
0.10996412900021824,0.0,2518.171875,-1.0
0.110769094000716,,,
0.11188776300150494,,,
0.10853821899945615,,,
0.11010333300146158,,,
