inference_time,cpu_usage,ram_usage,disk_usage
0.11747129200011841,0.0,2595.078125,-1.0
0.11569171700102743,,,
0.11632647799888218,,,
0.11698710699965886,,,
0.11683295900002122,,,
