inference_time,cpu_usage,ram_usage,disk_usage
0.10229043000072124,0.0,2492.671875,-1.0
0.07571741600077075,,,
0.07548874900021474,,,
0.07523480400050175,,,
0.07519056199998886,,,
