inference_time,cpu_usage,ram_usage,disk_usage
0.1487898839986883,22.9,2704.77734375,-1.0
0.02348033699854568,,,
0.02342083799885586,,,
0.023718626000118093,,,
0.023329839001235086,,,
