inference_time,cpu_usage,ram_usage,disk_usage
0.8252705109998715,13.4,1856.296875,-1.0
0.05529589600064355,,,
0.05195888100024604,,,
0.05527323400019668,,,
0.058110897000005934,,,
