inference_time,cpu_usage,ram_usage,disk_usage
0.12211316100001568,0.0,2254.296875,-1.0
0.10603015800006688,,,
0.10609119500077213,,,
0.10648212299929583,,,
0.10678023499895062,,,
