inference_time,cpu_usage,ram_usage,disk_usage
0.11512424699867552,0.0,2591.21875,-1.0
0.11303242900066834,,,
0.11140479700043215,,,
0.10913957099910476,,,
0.1098162760008563,,,
