inference_time,cpu_usage,ram_usage,disk_usage
0.15074285899936513,18.3,2761.87890625,-1.0
0.031207367001115927,,,
0.031222825000440935,,,
0.03116536699963035,,,
0.030743915000130073,,,
