inference_time,cpu_usage,ram_usage,disk_usage
0.047121963998506544,21.3,2709.80859375,-1.0
0.031088660000023083,,,
0.031160992999502923,,,
0.027947157999733463,,,
0.02302680100001453,,,
